instance;seed;umm_m_ini;budgetMM;r_1;r_2;budget;eval_ranks;fitness;;;;;;;;
pfsp/rec13.txt;1;10;;0.2;0.99;400;0;2020.0;;;;;;;;
pfsp/rec13.txt;10;10;;0.2;0.99;400;0;2098.0;;;;;;;;
pfsp/rec13.txt;2;10;;0.2;0.99;400;0;2079.0;;;;;;;;
pfsp/rec13.txt;3;10;;0.2;0.99;400;0;2040.0;;;;;;;;
pfsp/rec13.txt;4;10;;0.2;0.99;400;0;2094.0;;;;;;;;
pfsp/rec13.txt;5;10;;0.2;0.99;400;0;2052.0;;;;;;;;
pfsp/rec13.txt;6;10;;0.2;0.99;400;0;2078.0;;;;;;;;
pfsp/rec13.txt;7;10;;0.2;0.99;400;0;2029.0;;;;;;;;
pfsp/rec13.txt;8;10;;0.2;0.99;400;0;2095.0;;;;;;;;
pfsp/rec13.txt;9;10;;0.2;0.99;400;0;2041.0;;;;;;;;
pfsp/rec13.txt;1;10;;0.3;0.6;400;0;2213.0;;;;;;;;
pfsp/rec13.txt;10;10;;0.3;0.6;400;0;2173.0;;;;;;;;
pfsp/rec13.txt;2;10;;0.3;0.6;400;0;2103.0;;;;;;;;
pfsp/rec13.txt;3;10;;0.3;0.6;400;0;2175.0;;;;;;;;
pfsp/rec13.txt;4;10;;0.3;0.6;400;0;2120.0;;;;;;;;
pfsp/rec13.txt;5;10;;0.3;0.6;400;0;2160.0;;;;;;;;
pfsp/rec13.txt;6;10;;0.3;0.6;400;0;2212.0;;;;;;;;
pfsp/rec13.txt;7;10;;0.3;0.6;400;0;2171.0;;;;;;;;
pfsp/rec13.txt;8;10;;0.3;0.6;400;0;2174.0;;;;;;;;
pfsp/rec13.txt;9;10;;0.3;0.6;400;0;2161.0;;;;;;;;
pfsp/rec13.txt;1;10;;0.3;0.7;400;0;2134.0;;;;;;;;
pfsp/rec13.txt;10;10;;0.3;0.7;400;0;2071.0;;;;;;;;
pfsp/rec13.txt;2;10;;0.3;0.7;400;0;2051.0;;;;;;;;
pfsp/rec13.txt;3;10;;0.3;0.7;400;0;2194.0;;;;;;;;
pfsp/rec13.txt;4;10;;0.3;0.7;400;0;2126.0;;;;;;;;
pfsp/rec13.txt;5;10;;0.3;0.7;400;0;2138.0;;;;;;;;
pfsp/rec13.txt;6;10;;0.3;0.7;400;0;2126.0;;;;;;;;
pfsp/rec13.txt;7;10;;0.3;0.7;400;0;2165.0;;;;;;;;
pfsp/rec13.txt;8;10;;0.3;0.7;400;0;2106.0;;;;;;;;
pfsp/rec13.txt;9;10;;0.3;0.7;400;0;2158.0;;;;;;;;
pfsp/rec13.txt;1;10;;0.1;0.6;400;0;2095.0;;;;;;;;
pfsp/rec13.txt;10;10;;0.1;0.6;400;0;2166.0;;;;;;;;
pfsp/rec13.txt;2;10;;0.1;0.6;400;0;2097.0;;;;;;;;
pfsp/rec13.txt;3;10;;0.1;0.6;400;0;2109.0;;;;;;;;
pfsp/rec13.txt;4;10;;0.1;0.6;400;0;2089.0;;;;;;;;
pfsp/rec13.txt;5;10;;0.1;0.6;400;0;2099.0;;;;;;;;
pfsp/rec13.txt;6;10;;0.1;0.6;400;0;2070.0;;;;;;;;
pfsp/rec13.txt;7;10;;0.1;0.6;400;0;2088.0;;;;;;;;
pfsp/rec13.txt;8;10;;0.1;0.6;400;0;2092.0;;;;;;;;
pfsp/rec13.txt;9;10;;0.1;0.6;400;0;2137.0;;;;;;;;
pfsp/rec13.txt;1;10;;0.3;0.8;400;0;2106.0;;;;;;;;
pfsp/rec13.txt;10;10;;0.3;0.8;400;0;2110.0;;;;;;;;
pfsp/rec13.txt;2;10;;0.3;0.8;400;0;2061.0;;;;;;;;
pfsp/rec13.txt;3;10;;0.3;0.8;400;0;2165.0;;;;;;;;
pfsp/rec13.txt;4;10;;0.3;0.8;400;0;2086.0;;;;;;;;
pfsp/rec13.txt;5;10;;0.3;0.8;400;0;2037.0;;;;;;;;
pfsp/rec13.txt;6;10;;0.3;0.8;400;0;2090.0;;;;;;;;
pfsp/rec13.txt;7;10;;0.3;0.8;400;0;2047.0;;;;;;;;
pfsp/rec13.txt;8;10;;0.3;0.8;400;0;2125.0;;;;;;;;
pfsp/rec13.txt;9;10;;0.3;0.8;400;0;2134.0;;;;;;;;
pfsp/rec13.txt;1;10;;0.3;0.9;400;0;2074.0;;;;;;;;
pfsp/rec13.txt;10;10;;0.3;0.9;400;0;2085.0;;;;;;;;
pfsp/rec13.txt;2;10;;0.3;0.9;400;0;2072.0;;;;;;;;
pfsp/rec13.txt;3;10;;0.3;0.9;400;0;2091.0;;;;;;;;
pfsp/rec13.txt;4;10;;0.3;0.9;400;0;2141.0;;;;;;;;
pfsp/rec13.txt;5;10;;0.3;0.9;400;0;2070.0;;;;;;;;
pfsp/rec13.txt;6;10;;0.3;0.9;400;0;2109.0;;;;;;;;
pfsp/rec13.txt;7;10;;0.3;0.9;400;0;2114.0;;;;;;;;
pfsp/rec13.txt;8;10;;0.3;0.9;400;0;2073.0;;;;;;;;
pfsp/rec13.txt;9;10;;0.3;0.9;400;0;2147.0;;;;;;;;
pfsp/rec13.txt;1;10;;0.3;0.99;400;0;2059.0;;;;;;;;
pfsp/rec13.txt;10;10;;0.3;0.99;400;0;2093.0;;;;;;;;
pfsp/rec13.txt;2;10;;0.3;0.99;400;0;2073.0;;;;;;;;
pfsp/rec13.txt;3;10;;0.3;0.99;400;0;2046.0;;;;;;;;
pfsp/rec13.txt;4;10;;0.3;0.99;400;0;2040.0;;;;;;;;
pfsp/rec13.txt;5;10;;0.3;0.99;400;0;2092.0;;;;;;;;
pfsp/rec13.txt;6;10;;0.3;0.99;400;0;2109.0;;;;;;;;
pfsp/rec13.txt;7;10;;0.3;0.99;400;0;2071.0;;;;;;;;
pfsp/rec13.txt;8;10;;0.3;0.99;400;0;2130.0;;;;;;;;
pfsp/rec13.txt;9;10;;0.3;0.99;400;0;2116.0;;;;;;;;
pfsp/rec13.txt;1;10;;0.4;0.6;400;0;2206.0;;;;;;;;
pfsp/rec13.txt;10;10;;0.4;0.6;400;0;2150.0;;;;;;;;
pfsp/rec13.txt;2;10;;0.4;0.6;400;0;2155.0;;;;;;;;
pfsp/rec13.txt;3;10;;0.4;0.6;400;0;2167.0;;;;;;;;
pfsp/rec13.txt;4;10;;0.4;0.6;400;0;2155.0;;;;;;;;
pfsp/rec13.txt;5;10;;0.4;0.6;400;0;2146.0;;;;;;;;
pfsp/rec13.txt;6;10;;0.4;0.6;400;0;2215.0;;;;;;;;
pfsp/rec13.txt;7;10;;0.4;0.6;400;0;2255.0;;;;;;;;
pfsp/rec13.txt;8;10;;0.4;0.6;400;0;2251.0;;;;;;;;
pfsp/rec13.txt;9;10;;0.4;0.6;400;0;2150.0;;;;;;;;
pfsp/rec13.txt;1;10;;0.4;0.7;400;0;2218.0;;;;;;;;
pfsp/rec13.txt;10;10;;0.4;0.7;400;0;2199.0;;;;;;;;
pfsp/rec13.txt;2;10;;0.4;0.7;400;0;2116.0;;;;;;;;
pfsp/rec13.txt;3;10;;0.4;0.7;400;0;2194.0;;;;;;;;
pfsp/rec13.txt;4;10;;0.4;0.7;400;0;2146.0;;;;;;;;
pfsp/rec13.txt;5;10;;0.4;0.7;400;0;2160.0;;;;;;;;
pfsp/rec13.txt;6;10;;0.4;0.7;400;0;2124.0;;;;;;;;
pfsp/rec13.txt;7;10;;0.4;0.7;400;0;2248.0;;;;;;;;
pfsp/rec13.txt;8;10;;0.4;0.7;400;0;2159.0;;;;;;;;
pfsp/rec13.txt;9;10;;0.4;0.7;400;0;2188.0;;;;;;;;
pfsp/rec13.txt;1;10;;0.4;0.8;400;0;2080.0;;;;;;;;
pfsp/rec13.txt;10;10;;0.4;0.8;400;0;2144.0;;;;;;;;
pfsp/rec13.txt;2;10;;0.4;0.8;400;0;2123.0;;;;;;;;
pfsp/rec13.txt;3;10;;0.4;0.8;400;0;2165.0;;;;;;;;
pfsp/rec13.txt;4;10;;0.4;0.8;400;0;2128.0;;;;;;;;
pfsp/rec13.txt;5;10;;0.4;0.8;400;0;2112.0;;;;;;;;
pfsp/rec13.txt;6;10;;0.4;0.8;400;0;2118.0;;;;;;;;
pfsp/rec13.txt;7;10;;0.4;0.8;400;0;2214.0;;;;;;;;
pfsp/rec13.txt;8;10;;0.4;0.8;400;0;2113.0;;;;;;;;
pfsp/rec13.txt;9;10;;0.4;0.8;400;0;2143.0;;;;;;;;
pfsp/rec13.txt;1;10;;0.4;0.9;400;0;2137.0;;;;;;;;
pfsp/rec13.txt;10;10;;0.4;0.9;400;0;2084.0;;;;;;;;
pfsp/rec13.txt;2;10;;0.4;0.9;400;0;2109.0;;;;;;;;
pfsp/rec13.txt;3;10;;0.4;0.9;400;0;2083.0;;;;;;;;
pfsp/rec13.txt;4;10;;0.4;0.9;400;0;2122.0;;;;;;;;
pfsp/rec13.txt;5;10;;0.4;0.9;400;0;2056.0;;;;;;;;
pfsp/rec13.txt;6;10;;0.4;0.9;400;0;2067.0;;;;;;;;
pfsp/rec13.txt;7;10;;0.4;0.9;400;0;2053.0;;;;;;;;
pfsp/rec13.txt;8;10;;0.4;0.9;400;0;2115.0;;;;;;;;
pfsp/rec13.txt;9;10;;0.4;0.9;400;0;2123.0;;;;;;;;
pfsp/rec13.txt;1;10;;0.4;0.99;400;0;2055.0;;;;;;;;
pfsp/rec13.txt;10;10;;0.4;0.99;400;0;2115.0;;;;;;;;
pfsp/rec13.txt;2;10;;0.4;0.99;400;0;2050.0;;;;;;;;
pfsp/rec13.txt;3;10;;0.4;0.99;400;0;2041.0;;;;;;;;
pfsp/rec13.txt;4;10;;0.4;0.99;400;0;2061.0;;;;;;;;
pfsp/rec13.txt;5;10;;0.4;0.99;400;0;2079.0;;;;;;;;
pfsp/rec13.txt;6;10;;0.4;0.99;400;0;2133.0;;;;;;;;
pfsp/rec13.txt;7;10;;0.4;0.99;400;0;2053.0;;;;;;;;
pfsp/rec13.txt;8;10;;0.4;0.99;400;0;2080.0;;;;;;;;
pfsp/rec13.txt;9;10;;0.4;0.99;400;0;2097.0;;;;;;;;
pfsp/rec13.txt;1;10;;0.5;0.6;400;0;2263.0;;;;;;;;
pfsp/rec13.txt;10;10;;0.5;0.6;400;0;2241.0;;;;;;;;
pfsp/rec13.txt;2;10;;0.5;0.6;400;0;2166.0;;;;;;;;
pfsp/rec13.txt;3;10;;0.5;0.6;400;0;2234.0;;;;;;;;
pfsp/rec13.txt;4;10;;0.5;0.6;400;0;2232.0;;;;;;;;
pfsp/rec13.txt;5;10;;0.5;0.6;400;0;2208.0;;;;;;;;
pfsp/rec13.txt;6;10;;0.5;0.6;400;0;2244.0;;;;;;;;
pfsp/rec13.txt;7;10;;0.5;0.6;400;0;2277.0;;;;;;;;
pfsp/rec13.txt;8;10;;0.5;0.6;400;0;2272.0;;;;;;;;
pfsp/rec13.txt;9;10;;0.5;0.6;400;0;2251.0;;;;;;;;
pfsp/rec13.txt;1;10;;0.5;0.7;400;0;2138.0;;;;;;;;
pfsp/rec13.txt;10;10;;0.5;0.7;400;0;2175.0;;;;;;;;
pfsp/rec13.txt;2;10;;0.5;0.7;400;0;2112.0;;;;;;;;
pfsp/rec13.txt;3;10;;0.5;0.7;400;0;2125.0;;;;;;;;
pfsp/rec13.txt;4;10;;0.5;0.7;400;0;2187.0;;;;;;;;
pfsp/rec13.txt;5;10;;0.5;0.7;400;0;2142.0;;;;;;;;
pfsp/rec13.txt;6;10;;0.5;0.7;400;0;2191.0;;;;;;;;
pfsp/rec13.txt;7;10;;0.5;0.7;400;0;2315.0;;;;;;;;
pfsp/rec13.txt;8;10;;0.5;0.7;400;0;2209.0;;;;;;;;
pfsp/rec13.txt;9;10;;0.5;0.7;400;0;2200.0;;;;;;;;
pfsp/rec13.txt;1;10;;0.1;0.7;400;0;2018.0;;;;;;;;
pfsp/rec13.txt;10;10;;0.1;0.7;400;0;2104.0;;;;;;;;
pfsp/rec13.txt;2;10;;0.1;0.7;400;0;2101.0;;;;;;;;
pfsp/rec13.txt;3;10;;0.1;0.7;400;0;2069.0;;;;;;;;
pfsp/rec13.txt;4;10;;0.1;0.7;400;0;2066.0;;;;;;;;
pfsp/rec13.txt;5;10;;0.1;0.7;400;0;2129.0;;;;;;;;
pfsp/rec13.txt;6;10;;0.1;0.7;400;0;2069.0;;;;;;;;
pfsp/rec13.txt;7;10;;0.1;0.7;400;0;2075.0;;;;;;;;
pfsp/rec13.txt;8;10;;0.1;0.7;400;0;2099.0;;;;;;;;
pfsp/rec13.txt;9;10;;0.1;0.7;400;0;2123.0;;;;;;;;
pfsp/rec13.txt;1;10;;0.5;0.8;400;0;2140.0;;;;;;;;
pfsp/rec13.txt;10;10;;0.5;0.8;400;0;2186.0;;;;;;;;
pfsp/rec13.txt;2;10;;0.5;0.8;400;0;2085.0;;;;;;;;
pfsp/rec13.txt;3;10;;0.5;0.8;400;0;2174.0;;;;;;;;
pfsp/rec13.txt;4;10;;0.5;0.8;400;0;2131.0;;;;;;;;
pfsp/rec13.txt;5;10;;0.5;0.8;400;0;2113.0;;;;;;;;
pfsp/rec13.txt;6;10;;0.5;0.8;400;0;2119.0;;;;;;;;
pfsp/rec13.txt;7;10;;0.5;0.8;400;0;2128.0;;;;;;;;
pfsp/rec13.txt;8;10;;0.5;0.8;400;0;2174.0;;;;;;;;
pfsp/rec13.txt;9;10;;0.5;0.8;400;0;2223.0;;;;;;;;
pfsp/rec13.txt;1;10;;0.5;0.9;400;0;2055.0;;;;;;;;
pfsp/rec13.txt;10;10;;0.5;0.9;400;0;2098.0;;;;;;;;
pfsp/rec13.txt;2;10;;0.5;0.9;400;0;2103.0;;;;;;;;
pfsp/rec13.txt;3;10;;0.5;0.9;400;0;2072.0;;;;;;;;
pfsp/rec13.txt;4;10;;0.5;0.9;400;0;2142.0;;;;;;;;
pfsp/rec13.txt;5;10;;0.5;0.9;400;0;2135.0;;;;;;;;
pfsp/rec13.txt;6;10;;0.5;0.9;400;0;2100.0;;;;;;;;
pfsp/rec13.txt;7;10;;0.5;0.9;400;0;2140.0;;;;;;;;
pfsp/rec13.txt;8;10;;0.5;0.9;400;0;2129.0;;;;;;;;
pfsp/rec13.txt;9;10;;0.5;0.9;400;0;2106.0;;;;;;;;
pfsp/rec13.txt;1;10;;0.5;0.99;400;0;2093.0;;;;;;;;
pfsp/rec13.txt;10;10;;0.5;0.99;400;0;2049.0;;;;;;;;
pfsp/rec13.txt;2;10;;0.5;0.99;400;0;2052.0;;;;;;;;
pfsp/rec13.txt;3;10;;0.5;0.99;400;0;2079.0;;;;;;;;
pfsp/rec13.txt;4;10;;0.5;0.99;400;0;2097.0;;;;;;;;
pfsp/rec13.txt;5;10;;0.5;0.99;400;0;2090.0;;;;;;;;
pfsp/rec13.txt;6;10;;0.5;0.99;400;0;2050.0;;;;;;;;
pfsp/rec13.txt;7;10;;0.5;0.99;400;0;2074.0;;;;;;;;
pfsp/rec13.txt;8;10;;0.5;0.99;400;0;2048.0;;;;;;;;
pfsp/rec13.txt;9;10;;0.5;0.99;400;0;2041.0;;;;;;;;
pfsp/rec13.txt;1;10;;0.1;0.8;400;0;2033.0;;;;;;;;
pfsp/rec13.txt;10;10;;0.1;0.8;400;0;2058.0;;;;;;;;
pfsp/rec13.txt;2;10;;0.1;0.8;400;0;2072.0;;;;;;;;
pfsp/rec13.txt;3;10;;0.1;0.8;400;0;2044.0;;;;;;;;
pfsp/rec13.txt;4;10;;0.1;0.8;400;0;2069.0;;;;;;;;
pfsp/rec13.txt;5;10;;0.1;0.8;400;0;2077.0;;;;;;;;
pfsp/rec13.txt;6;10;;0.1;0.8;400;0;2031.0;;;;;;;;
pfsp/rec13.txt;7;10;;0.1;0.8;400;0;2066.0;;;;;;;;
pfsp/rec13.txt;8;10;;0.1;0.8;400;0;2041.0;;;;;;;;
pfsp/rec13.txt;9;10;;0.1;0.8;400;0;2072.0;;;;;;;;
pfsp/rec13.txt;1;10;;0.1;0.9;400;0;2020.0;;;;;;;;
pfsp/rec13.txt;10;10;;0.1;0.9;400;0;2097.0;;;;;;;;
pfsp/rec13.txt;2;10;;0.1;0.9;400;0;2046.0;;;;;;;;
pfsp/rec13.txt;3;10;;0.1;0.9;400;0;2082.0;;;;;;;;
pfsp/rec13.txt;4;10;;0.1;0.9;400;0;2166.0;;;;;;;;
pfsp/rec13.txt;5;10;;0.1;0.9;400;0;2097.0;;;;;;;;
pfsp/rec13.txt;6;10;;0.1;0.9;400;0;2031.0;;;;;;;;
pfsp/rec13.txt;7;10;;0.1;0.9;400;0;2065.0;;;;;;;;
pfsp/rec13.txt;8;10;;0.1;0.9;400;0;2070.0;;;;;;;;
pfsp/rec13.txt;9;10;;0.1;0.9;400;0;2103.0;;;;;;;;
pfsp/rec13.txt;1;10;;0.1;0.99;400;0;2027.0;;;;;;;;
pfsp/rec13.txt;10;10;;0.1;0.99;400;0;2067.0;;;;;;;;
pfsp/rec13.txt;2;10;;0.1;0.99;400;0;2044.0;;;;;;;;
pfsp/rec13.txt;3;10;;0.1;0.99;400;0;2063.0;;;;;;;;
pfsp/rec13.txt;4;10;;0.1;0.99;400;0;2144.0;;;;;;;;
pfsp/rec13.txt;5;10;;0.1;0.99;400;0;2061.0;;;;;;;;
pfsp/rec13.txt;6;10;;0.1;0.99;400;0;2070.0;;;;;;;;
pfsp/rec13.txt;7;10;;0.1;0.99;400;0;2145.0;;;;;;;;
pfsp/rec13.txt;8;10;;0.1;0.99;400;0;2059.0;;;;;;;;
pfsp/rec13.txt;9;10;;0.1;0.99;400;0;2071.0;;;;;;;;
pfsp/rec13.txt;1;10;;0.2;0.6;400;0;2194.0;;;;;;;;
pfsp/rec13.txt;10;10;;0.2;0.6;400;0;2181.0;;;;;;;;
pfsp/rec13.txt;2;10;;0.2;0.6;400;0;2104.0;;;;;;;;
pfsp/rec13.txt;3;10;;0.2;0.6;400;0;2093.0;;;;;;;;
pfsp/rec13.txt;4;10;;0.2;0.6;400;0;2145.0;;;;;;;;
pfsp/rec13.txt;5;10;;0.2;0.6;400;0;2113.0;;;;;;;;
pfsp/rec13.txt;6;10;;0.2;0.6;400;0;2084.0;;;;;;;;
pfsp/rec13.txt;7;10;;0.2;0.6;400;0;2106.0;;;;;;;;
pfsp/rec13.txt;8;10;;0.2;0.6;400;0;2182.0;;;;;;;;
pfsp/rec13.txt;9;10;;0.2;0.6;400;0;2137.0;;;;;;;;
pfsp/rec13.txt;1;10;;0.2;0.7;400;0;2138.0;;;;;;;;
pfsp/rec13.txt;10;10;;0.2;0.7;400;0;2143.0;;;;;;;;
pfsp/rec13.txt;2;10;;0.2;0.7;400;0;2076.0;;;;;;;;
pfsp/rec13.txt;3;10;;0.2;0.7;400;0;2128.0;;;;;;;;
pfsp/rec13.txt;4;10;;0.2;0.7;400;0;2098.0;;;;;;;;
pfsp/rec13.txt;5;10;;0.2;0.7;400;0;2086.0;;;;;;;;
pfsp/rec13.txt;6;10;;0.2;0.7;400;0;2098.0;;;;;;;;
pfsp/rec13.txt;7;10;;0.2;0.7;400;0;2085.0;;;;;;;;
pfsp/rec13.txt;8;10;;0.2;0.7;400;0;2073.0;;;;;;;;
pfsp/rec13.txt;9;10;;0.2;0.7;400;0;2110.0;;;;;;;;
pfsp/rec13.txt;1;10;;0.2;0.8;400;0;2095.0;;;;;;;;
pfsp/rec13.txt;10;10;;0.2;0.8;400;0;2079.0;;;;;;;;
pfsp/rec13.txt;2;10;;0.2;0.8;400;0;2089.0;;;;;;;;
pfsp/rec13.txt;3;10;;0.2;0.8;400;0;2125.0;;;;;;;;
pfsp/rec13.txt;4;10;;0.2;0.8;400;0;2089.0;;;;;;;;
pfsp/rec13.txt;5;10;;0.2;0.8;400;0;2087.0;;;;;;;;
pfsp/rec13.txt;6;10;;0.2;0.8;400;0;2047.0;;;;;;;;
pfsp/rec13.txt;7;10;;0.2;0.8;400;0;2076.0;;;;;;;;
pfsp/rec13.txt;8;10;;0.2;0.8;400;0;2132.0;;;;;;;;
pfsp/rec13.txt;9;10;;0.2;0.8;400;0;2095.0;;;;;;;;
pfsp/rec13.txt;1;10;;0.2;0.9;400;0;2072.0;;;;;;;;
pfsp/rec13.txt;10;10;;0.2;0.9;400;0;2106.0;;;;;;;;
pfsp/rec13.txt;2;10;;0.2;0.9;400;0;2052.0;;;;;;;;
pfsp/rec13.txt;3;10;;0.2;0.9;400;0;2066.0;;;;;;;;
pfsp/rec13.txt;4;10;;0.2;0.9;400;0;2059.0;;;;;;;;
pfsp/rec13.txt;5;10;;0.2;0.9;400;0;2106.0;;;;;;;;
pfsp/rec13.txt;6;10;;0.2;0.9;400;0;2054.0;;;;;;;;
pfsp/rec13.txt;7;10;;0.2;0.9;400;0;2018.0;;;;;;;;
pfsp/rec13.txt;8;10;;0.2;0.9;400;0;2101.0;;;;;;;;
pfsp/rec13.txt;9;10;;0.2;0.9;400;0;2044.0;;;;;;;;
pfsp/rec19.txt;1;10;;0.1;0.6;400;0;2417.0;;;;;;;;
pfsp/rec19.txt;10;10;;0.1;0.6;400;0;2369.0;;;;;;;;
pfsp/rec19.txt;2;10;;0.1;0.6;400;0;2361.0;;;;;;;;
pfsp/rec19.txt;3;10;;0.1;0.6;400;0;2380.0;;;;;;;;
pfsp/rec19.txt;4;10;;0.1;0.6;400;0;2311.0;;;;;;;;
pfsp/rec19.txt;5;10;;0.1;0.6;400;0;2316.0;;;;;;;;
pfsp/rec19.txt;6;10;;0.1;0.6;400;0;2301.0;;;;;;;;
pfsp/rec19.txt;7;10;;0.1;0.6;400;0;2367.0;;;;;;;;
pfsp/rec19.txt;8;10;;0.1;0.6;400;0;2437.0;;;;;;;;
pfsp/rec19.txt;9;10;;0.1;0.6;400;0;2326.0;;;;;;;;
pfsp/rec19.txt;1;10;;0.1;0.7;400;0;2358.0;;;;;;;;
pfsp/rec19.txt;10;10;;0.1;0.7;400;0;2321.0;;;;;;;;
pfsp/rec19.txt;2;10;;0.1;0.7;400;0;2392.0;;;;;;;;
pfsp/rec19.txt;3;10;;0.1;0.7;400;0;2304.0;;;;;;;;
pfsp/rec19.txt;4;10;;0.1;0.7;400;0;2328.0;;;;;;;;
pfsp/rec19.txt;5;10;;0.1;0.7;400;0;2362.0;;;;;;;;
pfsp/rec19.txt;6;10;;0.1;0.7;400;0;2300.0;;;;;;;;
pfsp/rec19.txt;7;10;;0.1;0.7;400;0;2341.0;;;;;;;;
pfsp/rec19.txt;8;10;;0.1;0.7;400;0;2385.0;;;;;;;;
pfsp/rec19.txt;9;10;;0.1;0.7;400;0;2291.0;;;;;;;;
pfsp/rec19.txt;1;10;;0.1;0.8;400;0;2382.0;;;;;;;;
pfsp/rec19.txt;10;10;;0.1;0.8;400;0;2351.0;;;;;;;;
pfsp/rec19.txt;2;10;;0.1;0.8;400;0;2334.0;;;;;;;;
pfsp/rec19.txt;3;10;;0.1;0.8;400;0;2277.0;;;;;;;;
pfsp/rec19.txt;4;10;;0.1;0.8;400;0;2363.0;;;;;;;;
pfsp/rec19.txt;5;10;;0.1;0.8;400;0;2381.0;;;;;;;;
pfsp/rec19.txt;6;10;;0.1;0.8;400;0;2287.0;;;;;;;;
pfsp/rec19.txt;7;10;;0.1;0.8;400;0;2380.0;;;;;;;;
pfsp/rec19.txt;8;10;;0.1;0.8;400;0;2335.0;;;;;;;;
pfsp/rec19.txt;9;10;;0.1;0.8;400;0;2288.0;;;;;;;;
pfsp/rec19.txt;1;10;;0.1;0.9;400;0;2396.0;;;;;;;;
pfsp/rec19.txt;10;10;;0.1;0.9;400;0;2313.0;;;;;;;;
pfsp/rec19.txt;2;10;;0.1;0.9;400;0;2344.0;;;;;;;;
pfsp/rec19.txt;3;10;;0.1;0.9;400;0;2220.0;;;;;;;;
pfsp/rec19.txt;4;10;;0.1;0.9;400;0;2361.0;;;;;;;;
pfsp/rec19.txt;5;10;;0.1;0.9;400;0;2246.0;;;;;;;;
pfsp/rec19.txt;6;10;;0.1;0.9;400;0;2225.0;;;;;;;;
pfsp/rec19.txt;7;10;;0.1;0.9;400;0;2376.0;;;;;;;;
pfsp/rec19.txt;8;10;;0.1;0.9;400;0;2425.0;;;;;;;;
pfsp/rec19.txt;9;10;;0.1;0.9;400;0;2279.0;;;;;;;;
pfsp/rec19.txt;1;10;;0.1;0.99;400;0;2331.0;;;;;;;;
pfsp/rec19.txt;10;10;;0.1;0.99;400;0;2280.0;;;;;;;;
pfsp/rec19.txt;2;10;;0.1;0.99;400;0;2305.0;;;;;;;;
pfsp/rec19.txt;3;10;;0.1;0.99;400;0;2265.0;;;;;;;;
pfsp/rec19.txt;4;10;;0.1;0.99;400;0;2265.0;;;;;;;;
pfsp/rec19.txt;5;10;;0.1;0.99;400;0;2338.0;;;;;;;;
pfsp/rec19.txt;6;10;;0.1;0.99;400;0;2299.0;;;;;;;;
pfsp/rec19.txt;7;10;;0.1;0.99;400;0;2236.0;;;;;;;;
pfsp/rec19.txt;8;10;;0.1;0.99;400;0;2261.0;;;;;;;;
pfsp/rec19.txt;9;10;;0.1;0.99;400;0;2355.0;;;;;;;;
pfsp/rec19.txt;1;10;;0.2;0.6;400;0;2392.0;;;;;;;;
pfsp/rec19.txt;10;10;;0.2;0.6;400;0;2341.0;;;;;;;;
pfsp/rec19.txt;2;10;;0.2;0.6;400;0;2357.0;;;;;;;;
pfsp/rec19.txt;3;10;;0.2;0.6;400;0;2303.0;;;;;;;;
pfsp/rec19.txt;4;10;;0.2;0.6;400;0;2403.0;;;;;;;;
pfsp/rec19.txt;5;10;;0.2;0.6;400;0;2308.0;;;;;;;;
pfsp/rec19.txt;6;10;;0.2;0.6;400;0;2394.0;;;;;;;;
pfsp/rec19.txt;7;10;;0.2;0.6;400;0;2424.0;;;;;;;;
pfsp/rec19.txt;8;10;;0.2;0.6;400;0;2387.0;;;;;;;;
pfsp/rec19.txt;9;10;;0.2;0.6;400;0;2328.0;;;;;;;;
pfsp/rec19.txt;1;10;;0.2;0.7;400;0;2384.0;;;;;;;;
pfsp/rec19.txt;10;10;;0.2;0.7;400;0;2331.0;;;;;;;;
pfsp/rec19.txt;2;10;;0.2;0.7;400;0;2342.0;;;;;;;;
pfsp/rec19.txt;3;10;;0.2;0.7;400;0;2338.0;;;;;;;;
pfsp/rec19.txt;4;10;;0.2;0.7;400;0;2313.0;;;;;;;;
pfsp/rec19.txt;5;10;;0.2;0.7;400;0;2355.0;;;;;;;;
pfsp/rec19.txt;6;10;;0.2;0.7;400;0;2278.0;;;;;;;;
pfsp/rec19.txt;7;10;;0.2;0.7;400;0;2377.0;;;;;;;;
pfsp/rec19.txt;8;10;;0.2;0.7;400;0;2461.0;;;;;;;;
pfsp/rec19.txt;9;10;;0.2;0.7;400;0;2300.0;;;;;;;;
pfsp/rec19.txt;1;10;;0.2;0.8;400;0;2401.0;;;;;;;;
pfsp/rec19.txt;10;10;;0.2;0.8;400;0;2296.0;;;;;;;;
pfsp/rec19.txt;2;10;;0.2;0.8;400;0;2312.0;;;;;;;;
pfsp/rec19.txt;3;10;;0.2;0.8;400;0;2292.0;;;;;;;;
pfsp/rec19.txt;4;10;;0.2;0.8;400;0;2351.0;;;;;;;;
pfsp/rec19.txt;5;10;;0.2;0.8;400;0;2400.0;;;;;;;;
pfsp/rec19.txt;6;10;;0.2;0.8;400;0;2317.0;;;;;;;;
pfsp/rec19.txt;7;10;;0.2;0.8;400;0;2391.0;;;;;;;;
pfsp/rec19.txt;8;10;;0.2;0.8;400;0;2284.0;;;;;;;;
pfsp/rec19.txt;9;10;;0.2;0.8;400;0;2313.0;;;;;;;;
pfsp/rec19.txt;1;10;;0.2;0.9;400;0;2328.0;;;;;;;;
pfsp/rec19.txt;10;10;;0.2;0.9;400;0;2324.0;;;;;;;;
pfsp/rec19.txt;2;10;;0.2;0.9;400;0;2339.0;;;;;;;;
pfsp/rec19.txt;3;10;;0.2;0.9;400;0;2303.0;;;;;;;;
pfsp/rec19.txt;4;10;;0.2;0.9;400;0;2311.0;;;;;;;;
pfsp/rec19.txt;5;10;;0.2;0.9;400;0;2302.0;;;;;;;;
pfsp/rec19.txt;6;10;;0.2;0.9;400;0;2354.0;;;;;;;;
pfsp/rec19.txt;7;10;;0.2;0.9;400;0;2337.0;;;;;;;;
pfsp/rec19.txt;8;10;;0.2;0.9;400;0;2306.0;;;;;;;;
pfsp/rec19.txt;9;10;;0.2;0.9;400;0;2337.0;;;;;;;;
pfsp/rec19.txt;1;10;;0.2;0.99;400;0;2366.0;;;;;;;;
pfsp/rec19.txt;10;10;;0.2;0.99;400;0;2241.0;;;;;;;;
pfsp/rec19.txt;2;10;;0.2;0.99;400;0;2278.0;;;;;;;;
pfsp/rec19.txt;3;10;;0.2;0.99;400;0;2355.0;;;;;;;;
pfsp/rec19.txt;4;10;;0.2;0.99;400;0;2333.0;;;;;;;;
pfsp/rec19.txt;5;10;;0.2;0.99;400;0;2241.0;;;;;;;;
pfsp/rec19.txt;6;10;;0.2;0.99;400;0;2364.0;;;;;;;;
pfsp/rec19.txt;7;10;;0.2;0.99;400;0;2282.0;;;;;;;;
pfsp/rec19.txt;8;10;;0.2;0.99;400;0;2324.0;;;;;;;;
pfsp/rec19.txt;9;10;;0.2;0.99;400;0;2334.0;;;;;;;;
pfsp/rec19.txt;1;10;;0.3;0.6;400;0;2429.0;;;;;;;;
pfsp/rec19.txt;10;10;;0.3;0.6;400;0;2418.0;;;;;;;;
pfsp/rec19.txt;2;10;;0.3;0.6;400;0;2439.0;;;;;;;;
pfsp/rec19.txt;3;10;;0.3;0.6;400;0;2353.0;;;;;;;;
pfsp/rec19.txt;4;10;;0.3;0.6;400;0;2382.0;;;;;;;;
pfsp/rec19.txt;5;10;;0.3;0.6;400;0;2442.0;;;;;;;;
pfsp/rec19.txt;6;10;;0.3;0.6;400;0;2372.0;;;;;;;;
pfsp/rec19.txt;7;10;;0.3;0.6;400;0;2481.0;;;;;;;;
pfsp/rec19.txt;8;10;;0.3;0.6;400;0;2455.0;;;;;;;;
pfsp/rec19.txt;9;10;;0.3;0.6;400;0;2328.0;;;;;;;;
pfsp/rec19.txt;1;10;;0.3;0.7;400;0;2434.0;;;;;;;;
pfsp/rec19.txt;10;10;;0.3;0.7;400;0;2380.0;;;;;;;;
pfsp/rec19.txt;2;10;;0.3;0.7;400;0;2377.0;;;;;;;;
pfsp/rec19.txt;3;10;;0.3;0.7;400;0;2302.0;;;;;;;;
pfsp/rec19.txt;4;10;;0.3;0.7;400;0;2335.0;;;;;;;;
pfsp/rec19.txt;5;10;;0.3;0.7;400;0;2428.0;;;;;;;;
pfsp/rec19.txt;6;10;;0.3;0.7;400;0;2305.0;;;;;;;;
pfsp/rec19.txt;7;10;;0.3;0.7;400;0;2414.0;;;;;;;;
pfsp/rec19.txt;8;10;;0.3;0.7;400;0;2423.0;;;;;;;;
pfsp/rec19.txt;9;10;;0.3;0.7;400;0;2341.0;;;;;;;;
pfsp/rec19.txt;1;10;;0.3;0.8;400;0;2418.0;;;;;;;;
pfsp/rec19.txt;10;10;;0.3;0.8;400;0;2384.0;;;;;;;;
pfsp/rec19.txt;2;10;;0.3;0.8;400;0;2348.0;;;;;;;;
pfsp/rec19.txt;3;10;;0.3;0.8;400;0;2311.0;;;;;;;;
pfsp/rec19.txt;4;10;;0.3;0.8;400;0;2296.0;;;;;;;;
pfsp/rec19.txt;5;10;;0.3;0.8;400;0;2421.0;;;;;;;;
pfsp/rec19.txt;6;10;;0.3;0.8;400;0;2309.0;;;;;;;;
pfsp/rec19.txt;7;10;;0.3;0.8;400;0;2474.0;;;;;;;;
pfsp/rec19.txt;8;10;;0.3;0.8;400;0;2420.0;;;;;;;;
pfsp/rec19.txt;9;10;;0.3;0.8;400;0;2304.0;;;;;;;;
pfsp/rec19.txt;1;10;;0.3;0.9;400;0;2342.0;;;;;;;;
pfsp/rec19.txt;10;10;;0.3;0.9;400;0;2373.0;;;;;;;;
pfsp/rec19.txt;2;10;;0.3;0.9;400;0;2331.0;;;;;;;;
pfsp/rec19.txt;3;10;;0.3;0.9;400;0;2292.0;;;;;;;;
pfsp/rec19.txt;4;10;;0.3;0.9;400;0;2356.0;;;;;;;;
pfsp/rec19.txt;5;10;;0.3;0.9;400;0;2355.0;;;;;;;;
pfsp/rec19.txt;6;10;;0.3;0.9;400;0;2252.0;;;;;;;;
pfsp/rec19.txt;7;10;;0.3;0.9;400;0;2404.0;;;;;;;;
pfsp/rec19.txt;8;10;;0.3;0.9;400;0;2306.0;;;;;;;;
pfsp/rec19.txt;9;10;;0.3;0.9;400;0;2295.0;;;;;;;;
pfsp/rec19.txt;1;10;;0.3;0.99;400;0;2300.0;;;;;;;;
pfsp/rec19.txt;10;10;;0.3;0.99;400;0;2307.0;;;;;;;;
pfsp/rec19.txt;2;10;;0.3;0.99;400;0;2306.0;;;;;;;;
pfsp/rec19.txt;3;10;;0.3;0.99;400;0;2296.0;;;;;;;;
pfsp/rec19.txt;4;10;;0.3;0.99;400;0;2360.0;;;;;;;;
pfsp/rec19.txt;5;10;;0.3;0.99;400;0;2343.0;;;;;;;;
pfsp/rec19.txt;6;10;;0.3;0.99;400;0;2265.0;;;;;;;;
pfsp/rec19.txt;7;10;;0.3;0.99;400;0;2327.0;;;;;;;;
pfsp/rec19.txt;8;10;;0.3;0.99;400;0;2338.0;;;;;;;;
pfsp/rec19.txt;9;10;;0.3;0.99;400;0;2307.0;;;;;;;;
pfsp/rec19.txt;1;10;;0.4;0.6;400;0;2473.0;;;;;;;;
pfsp/rec19.txt;10;10;;0.4;0.6;400;0;2441.0;;;;;;;;
pfsp/rec19.txt;2;10;;0.4;0.6;400;0;2467.0;;;;;;;;
pfsp/rec19.txt;3;10;;0.4;0.6;400;0;2384.0;;;;;;;;
pfsp/rec19.txt;4;10;;0.4;0.6;400;0;2361.0;;;;;;;;
pfsp/rec19.txt;5;10;;0.4;0.6;400;0;2379.0;;;;;;;;
pfsp/rec19.txt;6;10;;0.4;0.6;400;0;2420.0;;;;;;;;
pfsp/rec19.txt;7;10;;0.4;0.6;400;0;2489.0;;;;;;;;
pfsp/rec19.txt;8;10;;0.4;0.6;400;0;2490.0;;;;;;;;
pfsp/rec19.txt;9;10;;0.4;0.6;400;0;2385.0;;;;;;;;
pfsp/rec19.txt;1;10;;0.4;0.7;400;0;2402.0;;;;;;;;
pfsp/rec19.txt;10;10;;0.4;0.7;400;0;2450.0;;;;;;;;
pfsp/rec19.txt;2;10;;0.4;0.7;400;0;2406.0;;;;;;;;
pfsp/rec19.txt;3;10;;0.4;0.7;400;0;2424.0;;;;;;;;
pfsp/rec19.txt;4;10;;0.4;0.7;400;0;2430.0;;;;;;;;
pfsp/rec19.txt;5;10;;0.4;0.7;400;0;2394.0;;;;;;;;
pfsp/rec19.txt;6;10;;0.4;0.7;400;0;2388.0;;;;;;;;
pfsp/rec19.txt;7;10;;0.4;0.7;400;0;2401.0;;;;;;;;
pfsp/rec19.txt;8;10;;0.4;0.7;400;0;2449.0;;;;;;;;
pfsp/rec19.txt;9;10;;0.4;0.7;400;0;2338.0;;;;;;;;
pfsp/rec19.txt;1;10;;0.4;0.8;400;0;2381.0;;;;;;;;
pfsp/rec19.txt;10;10;;0.4;0.8;400;0;2481.0;;;;;;;;
pfsp/rec19.txt;2;10;;0.4;0.8;400;0;2367.0;;;;;;;;
pfsp/rec19.txt;3;10;;0.4;0.8;400;0;2302.0;;;;;;;;
pfsp/rec19.txt;4;10;;0.4;0.8;400;0;2367.0;;;;;;;;
pfsp/rec19.txt;5;10;;0.4;0.8;400;0;2351.0;;;;;;;;
pfsp/rec19.txt;6;10;;0.4;0.8;400;0;2373.0;;;;;;;;
pfsp/rec19.txt;7;10;;0.4;0.8;400;0;2413.0;;;;;;;;
pfsp/rec19.txt;8;10;;0.4;0.8;400;0;2422.0;;;;;;;;
pfsp/rec19.txt;9;10;;0.4;0.8;400;0;2301.0;;;;;;;;
pfsp/rec19.txt;1;10;;0.4;0.9;400;0;2389.0;;;;;;;;
pfsp/rec19.txt;10;10;;0.4;0.9;400;0;2382.0;;;;;;;;
pfsp/rec19.txt;2;10;;0.4;0.9;400;0;2380.0;;;;;;;;
pfsp/rec19.txt;3;10;;0.4;0.9;400;0;2307.0;;;;;;;;
pfsp/rec19.txt;4;10;;0.4;0.9;400;0;2338.0;;;;;;;;
pfsp/rec19.txt;5;10;;0.4;0.9;400;0;2341.0;;;;;;;;
pfsp/rec19.txt;6;10;;0.4;0.9;400;0;2388.0;;;;;;;;
pfsp/rec19.txt;7;10;;0.4;0.9;400;0;2336.0;;;;;;;;
pfsp/rec19.txt;8;10;;0.4;0.9;400;0;2315.0;;;;;;;;
pfsp/rec19.txt;9;10;;0.4;0.9;400;0;2368.0;;;;;;;;
pfsp/rec19.txt;1;10;;0.4;0.99;400;0;2308.0;;;;;;;;
pfsp/rec19.txt;10;10;;0.4;0.99;400;0;2319.0;;;;;;;;
pfsp/rec19.txt;2;10;;0.4;0.99;400;0;2317.0;;;;;;;;
pfsp/rec19.txt;3;10;;0.4;0.99;400;0;2345.0;;;;;;;;
pfsp/rec19.txt;4;10;;0.4;0.99;400;0;2306.0;;;;;;;;
pfsp/rec19.txt;5;10;;0.4;0.99;400;0;2288.0;;;;;;;;
pfsp/rec19.txt;6;10;;0.4;0.99;400;0;2326.0;;;;;;;;
pfsp/rec19.txt;7;10;;0.4;0.99;400;0;2326.0;;;;;;;;
pfsp/rec19.txt;8;10;;0.4;0.99;400;0;2312.0;;;;;;;;
pfsp/rec19.txt;9;10;;0.4;0.99;400;0;2285.0;;;;;;;;
pfsp/rec19.txt;1;10;;0.5;0.6;400;0;2470.0;;;;;;;;
pfsp/rec19.txt;10;10;;0.5;0.6;400;0;2521.0;;;;;;;;
pfsp/rec19.txt;2;10;;0.5;0.6;400;0;2461.0;;;;;;;;
pfsp/rec19.txt;3;10;;0.5;0.6;400;0;2483.0;;;;;;;;
pfsp/rec19.txt;4;10;;0.5;0.6;400;0;2421.0;;;;;;;;
pfsp/rec19.txt;5;10;;0.5;0.6;400;0;2427.0;;;;;;;;
pfsp/rec19.txt;6;10;;0.5;0.6;400;0;2517.0;;;;;;;;
pfsp/rec19.txt;7;10;;0.5;0.6;400;0;2472.0;;;;;;;;
pfsp/rec19.txt;8;10;;0.5;0.6;400;0;2528.0;;;;;;;;
pfsp/rec19.txt;9;10;;0.5;0.6;400;0;2465.0;;;;;;;;
pfsp/rec19.txt;1;10;;0.5;0.7;400;0;2435.0;;;;;;;;
pfsp/rec19.txt;10;10;;0.5;0.7;400;0;2457.0;;;;;;;;
pfsp/rec19.txt;2;10;;0.5;0.7;400;0;2456.0;;;;;;;;
pfsp/rec19.txt;3;10;;0.5;0.7;400;0;2372.0;;;;;;;;
pfsp/rec19.txt;4;10;;0.5;0.7;400;0;2428.0;;;;;;;;
pfsp/rec19.txt;5;10;;0.5;0.7;400;0;2403.0;;;;;;;;
pfsp/rec19.txt;6;10;;0.5;0.7;400;0;2424.0;;;;;;;;
pfsp/rec19.txt;7;10;;0.5;0.7;400;0;2453.0;;;;;;;;
pfsp/rec19.txt;8;10;;0.5;0.7;400;0;2491.0;;;;;;;;
pfsp/rec19.txt;9;10;;0.5;0.7;400;0;2392.0;;;;;;;;
pfsp/rec19.txt;1;10;;0.5;0.8;400;0;2441.0;;;;;;;;
pfsp/rec19.txt;10;10;;0.5;0.8;400;0;2430.0;;;;;;;;
pfsp/rec19.txt;2;10;;0.5;0.8;400;0;2372.0;;;;;;;;
pfsp/rec19.txt;3;10;;0.5;0.8;400;0;2371.0;;;;;;;;
pfsp/rec19.txt;4;10;;0.5;0.8;400;0;2376.0;;;;;;;;
pfsp/rec19.txt;5;10;;0.5;0.8;400;0;2358.0;;;;;;;;
pfsp/rec19.txt;6;10;;0.5;0.8;400;0;2440.0;;;;;;;;
pfsp/rec19.txt;7;10;;0.5;0.8;400;0;2444.0;;;;;;;;
pfsp/rec19.txt;8;10;;0.5;0.8;400;0;2448.0;;;;;;;;
pfsp/rec19.txt;9;10;;0.5;0.8;400;0;2430.0;;;;;;;;
pfsp/rec19.txt;1;10;;0.5;0.9;400;0;2387.0;;;;;;;;
pfsp/rec19.txt;10;10;;0.5;0.9;400;0;2463.0;;;;;;;;
pfsp/rec19.txt;2;10;;0.5;0.9;400;0;2421.0;;;;;;;;
pfsp/rec19.txt;3;10;;0.5;0.9;400;0;2290.0;;;;;;;;
pfsp/rec19.txt;4;10;;0.5;0.9;400;0;2341.0;;;;;;;;
pfsp/rec19.txt;5;10;;0.5;0.9;400;0;2405.0;;;;;;;;
pfsp/rec19.txt;6;10;;0.5;0.9;400;0;2368.0;;;;;;;;
pfsp/rec19.txt;7;10;;0.5;0.9;400;0;2448.0;;;;;;;;
pfsp/rec19.txt;8;10;;0.5;0.9;400;0;2465.0;;;;;;;;
pfsp/rec19.txt;9;10;;0.5;0.9;400;0;2357.0;;;;;;;;
pfsp/rec19.txt;1;10;;0.5;0.99;400;0;2389.0;;;;;;;;
pfsp/rec19.txt;10;10;;0.5;0.99;400;0;2325.0;;;;;;;;
pfsp/rec19.txt;2;10;;0.5;0.99;400;0;2349.0;;;;;;;;
pfsp/rec19.txt;3;10;;0.5;0.99;400;0;2310.0;;;;;;;;
pfsp/rec19.txt;4;10;;0.5;0.99;400;0;2318.0;;;;;;;;
pfsp/rec19.txt;5;10;;0.5;0.99;400;0;2309.0;;;;;;;;
pfsp/rec19.txt;6;10;;0.5;0.99;400;0;2270.0;;;;;;;;
pfsp/rec19.txt;7;10;;0.5;0.99;400;0;2383.0;;;;;;;;
pfsp/rec19.txt;8;10;;0.5;0.99;400;0;2361.0;;;;;;;;
pfsp/rec19.txt;9;10;;0.5;0.99;400;0;2273.0;;;;;;;;
lop/RandB/N-p40-01;1;10;;0.1;0.6;400;0;13274.0;;;;;;;;
lop/RandB/N-p40-01;10;10;;0.1;0.6;400;0;14024.0;;;;;;;;
lop/RandB/N-p40-01;2;10;;0.1;0.6;400;0;13070.0;;;;;;;;
lop/RandB/N-p40-01;3;10;;0.1;0.6;400;0;12704.0;;;;;;;;
lop/RandB/N-p40-01;4;10;;0.1;0.6;400;0;13214.0;;;;;;;;
lop/RandB/N-p40-01;5;10;;0.1;0.6;400;0;13041.0;;;;;;;;
lop/RandB/N-p40-01;6;10;;0.1;0.6;400;0;13772.0;;;;;;;;
lop/RandB/N-p40-01;7;10;;0.1;0.6;400;0;14373.0;;;;;;;;
lop/RandB/N-p40-01;8;10;;0.1;0.6;400;0;13408.0;;;;;;;;
lop/RandB/N-p40-01;9;10;;0.1;0.6;400;0;13159.0;;;;;;;;
lop/RandB/N-p40-01;1;10;;0.1;0.7;400;0;13133.0;;;;;;;;
lop/RandB/N-p40-01;10;10;;0.1;0.7;400;0;13739.0;;;;;;;;
lop/RandB/N-p40-01;2;10;;0.1;0.7;400;0;13445.0;;;;;;;;
lop/RandB/N-p40-01;3;10;;0.1;0.7;400;0;13005.0;;;;;;;;
lop/RandB/N-p40-01;4;10;;0.1;0.7;400;0;12898.0;;;;;;;;
lop/RandB/N-p40-01;5;10;;0.1;0.7;400;0;13539.0;;;;;;;;
lop/RandB/N-p40-01;6;10;;0.1;0.7;400;0;13885.0;;;;;;;;
lop/RandB/N-p40-01;7;10;;0.1;0.7;400;0;13268.0;;;;;;;;
lop/RandB/N-p40-01;8;10;;0.1;0.7;400;0;13257.0;;;;;;;;
lop/RandB/N-p40-01;9;10;;0.1;0.7;400;0;12813.0;;;;;;;;
lop/RandB/N-p40-01;1;10;;0.1;0.8;400;0;12803.0;;;;;;;;
lop/RandB/N-p40-01;10;10;;0.1;0.8;400;0;12993.0;;;;;;;;
lop/RandB/N-p40-01;2;10;;0.1;0.8;400;0;13620.0;;;;;;;;
lop/RandB/N-p40-01;3;10;;0.1;0.8;400;0;12942.0;;;;;;;;
lop/RandB/N-p40-01;4;10;;0.1;0.8;400;0;12552.0;;;;;;;;
lop/RandB/N-p40-01;5;10;;0.1;0.8;400;0;12948.0;;;;;;;;
lop/RandB/N-p40-01;6;10;;0.1;0.8;400;0;13086.0;;;;;;;;
lop/RandB/N-p40-01;7;10;;0.1;0.8;400;0;13148.0;;;;;;;;
lop/RandB/N-p40-01;8;10;;0.1;0.8;400;0;12418.0;;;;;;;;
lop/RandB/N-p40-01;9;10;;0.1;0.8;400;0;13228.0;;;;;;;;
lop/RandB/N-p40-01;1;10;;0.1;0.9;400;0;13088.0;;;;;;;;
lop/RandB/N-p40-01;10;10;;0.1;0.9;400;0;12486.0;;;;;;;;
lop/RandB/N-p40-01;2;10;;0.1;0.9;400;0;12073.0;;;;;;;;
lop/RandB/N-p40-01;3;10;;0.1;0.9;400;0;11881.0;;;;;;;;
lop/RandB/N-p40-01;4;10;;0.1;0.9;400;0;12262.0;;;;;;;;
lop/RandB/N-p40-01;5;10;;0.1;0.9;400;0;12467.0;;;;;;;;
lop/RandB/N-p40-01;6;10;;0.1;0.9;400;0;13147.0;;;;;;;;
lop/RandB/N-p40-01;7;10;;0.1;0.9;400;0;11745.0;;;;;;;;
lop/RandB/N-p40-01;8;10;;0.1;0.9;400;0;12270.0;;;;;;;;
lop/RandB/N-p40-01;9;10;;0.1;0.9;400;0;13118.0;;;;;;;;
lop/RandB/N-p40-01;1;10;;0.1;0.99;400;0;13629.0;;;;;;;;
lop/RandB/N-p40-01;10;10;;0.1;0.99;400;0;12866.0;;;;;;;;
lop/RandB/N-p40-01;2;10;;0.1;0.99;400;0;13404.0;;;;;;;;
lop/RandB/N-p40-01;3;10;;0.1;0.99;400;0;12436.0;;;;;;;;
lop/RandB/N-p40-01;4;10;;0.1;0.99;400;0;12278.0;;;;;;;;
lop/RandB/N-p40-01;5;10;;0.1;0.99;400;0;12566.0;;;;;;;;
lop/RandB/N-p40-01;6;10;;0.1;0.99;400;0;13072.0;;;;;;;;
lop/RandB/N-p40-01;7;10;;0.1;0.99;400;0;12228.0;;;;;;;;
lop/RandB/N-p40-01;8;10;;0.1;0.99;400;0;12374.0;;;;;;;;
lop/RandB/N-p40-01;9;10;;0.1;0.99;400;0;12139.0;;;;;;;;
lop/RandB/N-p40-01;1;10;;0.2;0.6;400;0;14514.0;;;;;;;;
lop/RandB/N-p40-01;10;10;;0.2;0.6;400;0;15336.0;;;;;;;;
lop/RandB/N-p40-01;2;10;;0.2;0.6;400;0;13431.0;;;;;;;;
lop/RandB/N-p40-01;3;10;;0.2;0.6;400;0;14274.0;;;;;;;;
lop/RandB/N-p40-01;4;10;;0.2;0.6;400;0;14337.0;;;;;;;;
lop/RandB/N-p40-01;5;10;;0.2;0.6;400;0;15062.0;;;;;;;;
lop/RandB/N-p40-01;6;10;;0.2;0.6;400;0;14264.0;;;;;;;;
lop/RandB/N-p40-01;7;10;;0.2;0.6;400;0;16093.0;;;;;;;;
lop/RandB/N-p40-01;8;10;;0.2;0.6;400;0;13949.0;;;;;;;;
lop/RandB/N-p40-01;9;10;;0.2;0.6;400;0;13857.0;;;;;;;;
lop/RandB/N-p40-01;1;10;;0.2;0.7;400;0;13413.0;;;;;;;;
lop/RandB/N-p40-01;10;10;;0.2;0.7;400;0;13722.0;;;;;;;;
lop/RandB/N-p40-01;2;10;;0.2;0.7;400;0;13140.0;;;;;;;;
lop/RandB/N-p40-01;3;10;;0.2;0.7;400;0;14037.0;;;;;;;;
lop/RandB/N-p40-01;4;10;;0.2;0.7;400;0;14095.0;;;;;;;;
lop/RandB/N-p40-01;5;10;;0.2;0.7;400;0;13721.0;;;;;;;;
lop/RandB/N-p40-01;6;10;;0.2;0.7;400;0;14212.0;;;;;;;;
lop/RandB/N-p40-01;7;10;;0.2;0.7;400;0;14832.0;;;;;;;;
lop/RandB/N-p40-01;8;10;;0.2;0.7;400;0;13211.0;;;;;;;;
lop/RandB/N-p40-01;9;10;;0.2;0.7;400;0;13001.0;;;;;;;;
lop/RandB/N-p40-01;1;10;;0.2;0.8;400;0;13183.0;;;;;;;;
lop/RandB/N-p40-01;10;10;;0.2;0.8;400;0;14398.0;;;;;;;;
lop/RandB/N-p40-01;2;10;;0.2;0.8;400;0;13683.0;;;;;;;;
lop/RandB/N-p40-01;3;10;;0.2;0.8;400;0;13687.0;;;;;;;;
lop/RandB/N-p40-01;4;10;;0.2;0.8;400;0;13971.0;;;;;;;;
lop/RandB/N-p40-01;5;10;;0.2;0.8;400;0;14289.0;;;;;;;;
lop/RandB/N-p40-01;6;10;;0.2;0.8;400;0;12789.0;;;;;;;;
lop/RandB/N-p40-01;7;10;;0.2;0.8;400;0;13801.0;;;;;;;;
lop/RandB/N-p40-01;8;10;;0.2;0.8;400;0;13463.0;;;;;;;;
lop/RandB/N-p40-01;9;10;;0.2;0.8;400;0;12195.0;;;;;;;;
lop/RandB/N-p40-01;1;10;;0.2;0.9;400;0;12489.0;;;;;;;;
lop/RandB/N-p40-01;10;10;;0.2;0.9;400;0;13733.0;;;;;;;;
lop/RandB/N-p40-01;2;10;;0.2;0.9;400;0;13404.0;;;;;;;;
lop/RandB/N-p40-01;3;10;;0.2;0.9;400;0;12941.0;;;;;;;;
lop/RandB/N-p40-01;4;10;;0.2;0.9;400;0;13015.0;;;;;;;;
lop/RandB/N-p40-01;5;10;;0.2;0.9;400;0;13469.0;;;;;;;;
lop/RandB/N-p40-01;6;10;;0.2;0.9;400;0;13318.0;;;;;;;;
lop/RandB/N-p40-01;7;10;;0.2;0.9;400;0;13678.0;;;;;;;;
lop/RandB/N-p40-01;8;10;;0.2;0.9;400;0;12658.0;;;;;;;;
lop/RandB/N-p40-01;9;10;;0.2;0.9;400;0;13948.0;;;;;;;;
lop/RandB/N-p40-01;1;10;;0.2;0.99;400;0;12473.0;;;;;;;;
lop/RandB/N-p40-01;10;10;;0.2;0.99;400;0;13099.0;;;;;;;;
lop/RandB/N-p40-01;2;10;;0.2;0.99;400;0;11861.0;;;;;;;;
lop/RandB/N-p40-01;3;10;;0.2;0.99;400;0;13487.0;;;;;;;;
lop/RandB/N-p40-01;4;10;;0.2;0.99;400;0;12693.0;;;;;;;;
lop/RandB/N-p40-01;5;10;;0.2;0.99;400;0;12674.0;;;;;;;;
lop/RandB/N-p40-01;6;10;;0.2;0.99;400;0;13298.0;;;;;;;;
lop/RandB/N-p40-01;7;10;;0.2;0.99;400;0;12969.0;;;;;;;;
lop/RandB/N-p40-01;8;10;;0.2;0.99;400;0;11923.0;;;;;;;;
lop/RandB/N-p40-01;9;10;;0.2;0.99;400;0;12705.0;;;;;;;;
lop/RandB/N-p40-01;1;10;;0.3;0.6;400;0;14630.0;;;;;;;;
lop/RandB/N-p40-01;10;10;;0.3;0.6;400;0;15240.0;;;;;;;;
lop/RandB/N-p40-01;2;10;;0.3;0.6;400;0;14848.0;;;;;;;;
lop/RandB/N-p40-01;3;10;;0.3;0.6;400;0;16151.0;;;;;;;;
lop/RandB/N-p40-01;4;10;;0.3;0.6;400;0;15471.0;;;;;;;;
lop/RandB/N-p40-01;5;10;;0.3;0.6;400;0;15495.0;;;;;;;;
lop/RandB/N-p40-01;6;10;;0.3;0.6;400;0;15328.0;;;;;;;;
lop/RandB/N-p40-01;7;10;;0.3;0.6;400;0;16456.0;;;;;;;;
lop/RandB/N-p40-01;8;10;;0.3;0.6;400;0;15039.0;;;;;;;;
lop/RandB/N-p40-01;9;10;;0.3;0.6;400;0;15295.0;;;;;;;;
lop/RandB/N-p40-01;1;10;;0.3;0.7;400;0;13747.0;;;;;;;;
lop/RandB/N-p40-01;10;10;;0.3;0.7;400;0;15189.0;;;;;;;;
lop/RandB/N-p40-01;2;10;;0.3;0.7;400;0;14206.0;;;;;;;;
lop/RandB/N-p40-01;3;10;;0.3;0.7;400;0;16234.0;;;;;;;;
lop/RandB/N-p40-01;4;10;;0.3;0.7;400;0;15064.0;;;;;;;;
lop/RandB/N-p40-01;5;10;;0.3;0.7;400;0;15343.0;;;;;;;;
lop/RandB/N-p40-01;6;10;;0.3;0.7;400;0;15045.0;;;;;;;;
lop/RandB/N-p40-01;7;10;;0.3;0.7;400;0;14514.0;;;;;;;;
lop/RandB/N-p40-01;8;10;;0.3;0.7;400;0;13813.0;;;;;;;;
lop/RandB/N-p40-01;9;10;;0.3;0.7;400;0;14515.0;;;;;;;;
lop/RandB/N-p40-01;1;10;;0.3;0.8;400;0;13313.0;;;;;;;;
lop/RandB/N-p40-01;10;10;;0.3;0.8;400;0;14687.0;;;;;;;;
lop/RandB/N-p40-01;2;10;;0.3;0.8;400;0;13849.0;;;;;;;;
lop/RandB/N-p40-01;3;10;;0.3;0.8;400;0;14551.0;;;;;;;;
lop/RandB/N-p40-01;4;10;;0.3;0.8;400;0;15055.0;;;;;;;;
lop/RandB/N-p40-01;5;10;;0.3;0.8;400;0;14303.0;;;;;;;;
lop/RandB/N-p40-01;6;10;;0.3;0.8;400;0;13534.0;;;;;;;;
lop/RandB/N-p40-01;7;10;;0.3;0.8;400;0;12990.0;;;;;;;;
lop/RandB/N-p40-01;8;10;;0.3;0.8;400;0;13802.0;;;;;;;;
lop/RandB/N-p40-01;9;10;;0.3;0.8;400;0;14559.0;;;;;;;;
lop/RandB/N-p40-01;1;10;;0.3;0.9;400;0;12337.0;;;;;;;;
lop/RandB/N-p40-01;10;10;;0.3;0.9;400;0;13077.0;;;;;;;;
lop/RandB/N-p40-01;2;10;;0.3;0.9;400;0;14310.0;;;;;;;;
lop/RandB/N-p40-01;3;10;;0.3;0.9;400;0;14217.0;;;;;;;;
lop/RandB/N-p40-01;4;10;;0.3;0.9;400;0;15212.0;;;;;;;;
lop/RandB/N-p40-01;5;10;;0.3;0.9;400;0;13177.0;;;;;;;;
lop/RandB/N-p40-01;6;10;;0.3;0.9;400;0;12683.0;;;;;;;;
lop/RandB/N-p40-01;7;10;;0.3;0.9;400;0;13177.0;;;;;;;;
lop/RandB/N-p40-01;8;10;;0.3;0.9;400;0;13084.0;;;;;;;;
lop/RandB/N-p40-01;9;10;;0.3;0.9;400;0;14189.0;;;;;;;;
lop/RandB/N-p40-01;1;10;;0.3;0.99;400;0;12451.0;;;;;;;;
lop/RandB/N-p40-01;10;10;;0.3;0.99;400;0;12384.0;;;;;;;;
lop/RandB/N-p40-01;2;10;;0.3;0.99;400;0;12818.0;;;;;;;;
lop/RandB/N-p40-01;3;10;;0.3;0.99;400;0;12768.0;;;;;;;;
lop/RandB/N-p40-01;4;10;;0.3;0.99;400;0;13633.0;;;;;;;;
lop/RandB/N-p40-01;5;10;;0.3;0.99;400;0;13255.0;;;;;;;;
lop/RandB/N-p40-01;6;10;;0.3;0.99;400;0;12292.0;;;;;;;;
lop/RandB/N-p40-01;7;10;;0.3;0.99;400;0;12491.0;;;;;;;;
lop/RandB/N-p40-01;8;10;;0.3;0.99;400;0;13126.0;;;;;;;;
lop/RandB/N-p40-01;9;10;;0.3;0.99;400;0;12214.0;;;;;;;;
lop/RandB/N-p40-01;1;10;;0.4;0.6;400;0;15239.0;;;;;;;;
lop/RandB/N-p40-01;10;10;;0.4;0.6;400;0;16227.0;;;;;;;;
lop/RandB/N-p40-01;2;10;;0.4;0.6;400;0;15981.0;;;;;;;;
lop/RandB/N-p40-01;3;10;;0.4;0.6;400;0;16806.0;;;;;;;;
lop/RandB/N-p40-01;4;10;;0.4;0.6;400;0;16017.0;;;;;;;;
lop/RandB/N-p40-01;5;10;;0.4;0.6;400;0;16838.0;;;;;;;;
lop/RandB/N-p40-01;6;10;;0.4;0.6;400;0;15494.0;;;;;;;;
lop/RandB/N-p40-01;7;10;;0.4;0.6;400;0;17023.0;;;;;;;;
lop/RandB/N-p40-01;8;10;;0.4;0.6;400;0;15893.0;;;;;;;;
lop/RandB/N-p40-01;9;10;;0.4;0.6;400;0;15272.0;;;;;;;;
lop/RandB/N-p40-01;1;10;;0.4;0.7;400;0;15170.0;;;;;;;;
lop/RandB/N-p40-01;10;10;;0.4;0.7;400;0;15615.0;;;;;;;;
lop/RandB/N-p40-01;2;10;;0.4;0.7;400;0;15158.0;;;;;;;;
lop/RandB/N-p40-01;3;10;;0.4;0.7;400;0;16617.0;;;;;;;;
lop/RandB/N-p40-01;4;10;;0.4;0.7;400;0;15610.0;;;;;;;;
lop/RandB/N-p40-01;5;10;;0.4;0.7;400;0;14791.0;;;;;;;;
lop/RandB/N-p40-01;6;10;;0.4;0.7;400;0;15320.0;;;;;;;;
lop/RandB/N-p40-01;7;10;;0.4;0.7;400;0;16468.0;;;;;;;;
lop/RandB/N-p40-01;8;10;;0.4;0.7;400;0;14960.0;;;;;;;;
lop/RandB/N-p40-01;9;10;;0.4;0.7;400;0;15531.0;;;;;;;;
lop/RandB/N-p40-01;1;10;;0.4;0.8;400;0;14009.0;;;;;;;;
lop/RandB/N-p40-01;10;10;;0.4;0.8;400;0;14537.0;;;;;;;;
lop/RandB/N-p40-01;2;10;;0.4;0.8;400;0;14298.0;;;;;;;;
lop/RandB/N-p40-01;3;10;;0.4;0.8;400;0;15267.0;;;;;;;;
lop/RandB/N-p40-01;4;10;;0.4;0.8;400;0;14567.0;;;;;;;;
lop/RandB/N-p40-01;5;10;;0.4;0.8;400;0;14565.0;;;;;;;;
lop/RandB/N-p40-01;6;10;;0.4;0.8;400;0;15508.0;;;;;;;;
lop/RandB/N-p40-01;7;10;;0.4;0.8;400;0;15181.0;;;;;;;;
lop/RandB/N-p40-01;8;10;;0.4;0.8;400;0;14052.0;;;;;;;;
lop/RandB/N-p40-01;9;10;;0.4;0.8;400;0;14931.0;;;;;;;;
lop/RandB/N-p40-01;1;10;;0.4;0.9;400;0;13008.0;;;;;;;;
lop/RandB/N-p40-01;10;10;;0.4;0.9;400;0;14957.0;;;;;;;;
lop/RandB/N-p40-01;2;10;;0.4;0.9;400;0;13376.0;;;;;;;;
lop/RandB/N-p40-01;3;10;;0.4;0.9;400;0;14612.0;;;;;;;;
lop/RandB/N-p40-01;4;10;;0.4;0.9;400;0;14132.0;;;;;;;;
lop/RandB/N-p40-01;5;10;;0.4;0.9;400;0;14094.0;;;;;;;;
lop/RandB/N-p40-01;6;10;;0.4;0.9;400;0;13277.0;;;;;;;;
lop/RandB/N-p40-01;7;10;;0.4;0.9;400;0;14472.0;;;;;;;;
lop/RandB/N-p40-01;8;10;;0.4;0.9;400;0;13750.0;;;;;;;;
lop/RandB/N-p40-01;9;10;;0.4;0.9;400;0;13448.0;;;;;;;;
lop/RandB/N-p40-01;1;10;;0.4;0.99;400;0;13281.0;;;;;;;;
lop/RandB/N-p40-01;10;10;;0.4;0.99;400;0;13170.0;;;;;;;;
lop/RandB/N-p40-01;2;10;;0.4;0.99;400;0;13355.0;;;;;;;;
lop/RandB/N-p40-01;3;10;;0.4;0.99;400;0;13272.0;;;;;;;;
lop/RandB/N-p40-01;4;10;;0.4;0.99;400;0;12695.0;;;;;;;;
lop/RandB/N-p40-01;5;10;;0.4;0.99;400;0;13763.0;;;;;;;;
lop/RandB/N-p40-01;6;10;;0.4;0.99;400;0;12417.0;;;;;;;;
lop/RandB/N-p40-01;7;10;;0.4;0.99;400;0;12858.0;;;;;;;;
lop/RandB/N-p40-01;8;10;;0.4;0.99;400;0;12872.0;;;;;;;;
lop/RandB/N-p40-01;9;10;;0.4;0.99;400;0;13330.0;;;;;;;;
lop/RandB/N-p40-01;1;10;;0.5;0.6;400;0;15016.0;;;;;;;;
lop/RandB/N-p40-01;10;10;;0.5;0.6;400;0;16748.0;;;;;;;;
lop/RandB/N-p40-01;2;10;;0.5;0.6;400;0;15772.0;;;;;;;;
lop/RandB/N-p40-01;3;10;;0.5;0.6;400;0;17862.0;;;;;;;;
lop/RandB/N-p40-01;4;10;;0.5;0.6;400;0;16751.0;;;;;;;;
lop/RandB/N-p40-01;5;10;;0.5;0.6;400;0;17454.0;;;;;;;;
lop/RandB/N-p40-01;6;10;;0.5;0.6;400;0;16875.0;;;;;;;;
lop/RandB/N-p40-01;7;10;;0.5;0.6;400;0;17901.0;;;;;;;;
lop/RandB/N-p40-01;8;10;;0.5;0.6;400;0;16174.0;;;;;;;;
lop/RandB/N-p40-01;9;10;;0.5;0.6;400;0;16311.0;;;;;;;;
lop/RandB/N-p40-01;1;10;;0.5;0.7;400;0;15293.0;;;;;;;;
lop/RandB/N-p40-01;10;10;;0.5;0.7;400;0;15651.0;;;;;;;;
lop/RandB/N-p40-01;2;10;;0.5;0.7;400;0;16075.0;;;;;;;;
lop/RandB/N-p40-01;3;10;;0.5;0.7;400;0;16776.0;;;;;;;;
lop/RandB/N-p40-01;4;10;;0.5;0.7;400;0;16743.0;;;;;;;;
lop/RandB/N-p40-01;5;10;;0.5;0.7;400;0;16493.0;;;;;;;;
lop/RandB/N-p40-01;6;10;;0.5;0.7;400;0;15681.0;;;;;;;;
lop/RandB/N-p40-01;7;10;;0.5;0.7;400;0;17563.0;;;;;;;;
lop/RandB/N-p40-01;8;10;;0.5;0.7;400;0;15451.0;;;;;;;;
lop/RandB/N-p40-01;9;10;;0.5;0.7;400;0;15564.0;;;;;;;;
lop/RandB/N-p40-01;1;10;;0.5;0.8;400;0;14168.0;;;;;;;;
lop/RandB/N-p40-01;10;10;;0.5;0.8;400;0;15801.0;;;;;;;;
lop/RandB/N-p40-01;2;10;;0.5;0.8;400;0;15542.0;;;;;;;;
lop/RandB/N-p40-01;3;10;;0.5;0.8;400;0;15858.0;;;;;;;;
lop/RandB/N-p40-01;4;10;;0.5;0.8;400;0;15879.0;;;;;;;;
lop/RandB/N-p40-01;5;10;;0.5;0.8;400;0;15483.0;;;;;;;;
lop/RandB/N-p40-01;6;10;;0.5;0.8;400;0;15193.0;;;;;;;;
lop/RandB/N-p40-01;7;10;;0.5;0.8;400;0;15716.0;;;;;;;;
lop/RandB/N-p40-01;8;10;;0.5;0.8;400;0;14896.0;;;;;;;;
lop/RandB/N-p40-01;9;10;;0.5;0.8;400;0;14914.0;;;;;;;;
lop/RandB/N-p40-01;1;10;;0.5;0.9;400;0;13123.0;;;;;;;;
lop/RandB/N-p40-01;10;10;;0.5;0.9;400;0;14454.0;;;;;;;;
lop/RandB/N-p40-01;2;10;;0.5;0.9;400;0;13286.0;;;;;;;;
lop/RandB/N-p40-01;3;10;;0.5;0.9;400;0;13325.0;;;;;;;;
lop/RandB/N-p40-01;4;10;;0.5;0.9;400;0;14440.0;;;;;;;;
lop/RandB/N-p40-01;5;10;;0.5;0.9;400;0;15534.0;;;;;;;;
lop/RandB/N-p40-01;6;10;;0.5;0.9;400;0;14528.0;;;;;;;;
lop/RandB/N-p40-01;7;10;;0.5;0.9;400;0;15432.0;;;;;;;;
lop/RandB/N-p40-01;8;10;;0.5;0.9;400;0;14104.0;;;;;;;;
lop/RandB/N-p40-01;9;10;;0.5;0.9;400;0;14230.0;;;;;;;;
lop/RandB/N-p40-01;1;10;;0.5;0.99;400;0;13462.0;;;;;;;;
lop/RandB/N-p40-01;10;10;;0.5;0.99;400;0;13105.0;;;;;;;;
lop/RandB/N-p40-01;2;10;;0.5;0.99;400;0;12972.0;;;;;;;;
lop/RandB/N-p40-01;3;10;;0.5;0.99;400;0;13281.0;;;;;;;;
lop/RandB/N-p40-01;4;10;;0.5;0.99;400;0;13054.0;;;;;;;;
lop/RandB/N-p40-01;5;10;;0.5;0.99;400;0;13327.0;;;;;;;;
lop/RandB/N-p40-01;6;10;;0.5;0.99;400;0;12484.0;;;;;;;;
lop/RandB/N-p40-01;7;10;;0.5;0.99;400;0;13102.0;;;;;;;;
lop/RandB/N-p40-01;8;10;;0.5;0.99;400;0;12899.0;;;;;;;;
lop/RandB/N-p40-01;9;10;;0.5;0.99;400;0;13098.0;;;;;;;;
lop/IO/N-t59b11xx;1;10;;0.5;0.99;400;0;121735.0;;;;;;;;
lop/IO/N-t59b11xx;10;10;;0.5;0.99;400;0;117945.0;;;;;;;;
lop/IO/N-t59b11xx;2;10;;0.5;0.99;400;0;117785.0;;;;;;;;
lop/IO/N-t59b11xx;3;10;;0.5;0.99;400;0;122325.0;;;;;;;;
lop/IO/N-t59b11xx;4;10;;0.5;0.99;400;0;120020.0;;;;;;;;
lop/IO/N-t59b11xx;5;10;;0.5;0.99;400;0;121210.0;;;;;;;;
lop/IO/N-t59b11xx;6;10;;0.5;0.99;400;0;119030.0;;;;;;;;
lop/IO/N-t59b11xx;7;10;;0.5;0.99;400;0;117190.0;;;;;;;;
lop/IO/N-t59b11xx;8;10;;0.5;0.99;400;0;121365.0;;;;;;;;
lop/IO/N-t59b11xx;9;10;;0.5;0.99;400;0;113250.0;;;;;;;;
lop/IO/N-t59b11xx;1;10;;0.1;0.6;400;0;123580.0;;;;;;;;
lop/IO/N-t59b11xx;10;10;;0.1;0.6;400;0;118805.0;;;;;;;;
lop/IO/N-t59b11xx;2;10;;0.1;0.6;400;0;120880.0;;;;;;;;
lop/IO/N-t59b11xx;3;10;;0.1;0.6;400;0;125230.0;;;;;;;;
lop/IO/N-t59b11xx;4;10;;0.1;0.6;400;0;122200.0;;;;;;;;
lop/IO/N-t59b11xx;5;10;;0.1;0.6;400;0;126485.0;;;;;;;;
lop/IO/N-t59b11xx;6;10;;0.1;0.6;400;0;117225.0;;;;;;;;
lop/IO/N-t59b11xx;7;10;;0.1;0.6;400;0;121270.0;;;;;;;;
lop/IO/N-t59b11xx;8;10;;0.1;0.6;400;0;122735.0;;;;;;;;
lop/IO/N-t59b11xx;9;10;;0.1;0.6;400;0;116015.0;;;;;;;;
lop/IO/N-t59b11xx;1;10;;0.1;0.7;400;0;120460.0;;;;;;;;
lop/IO/N-t59b11xx;10;10;;0.1;0.7;400;0;119970.0;;;;;;;;
lop/IO/N-t59b11xx;2;10;;0.1;0.7;400;0;121500.0;;;;;;;;
lop/IO/N-t59b11xx;3;10;;0.1;0.7;400;0;131915.0;;;;;;;;
lop/IO/N-t59b11xx;4;10;;0.1;0.7;400;0;125290.0;;;;;;;;
lop/IO/N-t59b11xx;5;10;;0.1;0.7;400;0;118175.0;;;;;;;;
lop/IO/N-t59b11xx;6;10;;0.1;0.7;400;0;126620.0;;;;;;;;
lop/IO/N-t59b11xx;7;10;;0.1;0.7;400;0;125315.0;;;;;;;;
lop/IO/N-t59b11xx;8;10;;0.1;0.7;400;0;122455.0;;;;;;;;
lop/IO/N-t59b11xx;9;10;;0.1;0.7;400;0;114000.0;;;;;;;;
lop/IO/N-t59b11xx;1;10;;0.1;0.8;400;0;109930.0;;;;;;;;
lop/IO/N-t59b11xx;10;10;;0.1;0.8;400;0;113115.0;;;;;;;;
lop/IO/N-t59b11xx;2;10;;0.1;0.8;400;0;122505.0;;;;;;;;
lop/IO/N-t59b11xx;3;10;;0.1;0.8;400;0;112450.0;;;;;;;;
lop/IO/N-t59b11xx;4;10;;0.1;0.8;400;0;120175.0;;;;;;;;
lop/IO/N-t59b11xx;5;10;;0.1;0.8;400;0;118010.0;;;;;;;;
lop/IO/N-t59b11xx;6;10;;0.1;0.8;400;0;111395.0;;;;;;;;
lop/IO/N-t59b11xx;7;10;;0.1;0.8;400;0;122665.0;;;;;;;;
lop/IO/N-t59b11xx;8;10;;0.1;0.8;400;0;107885.0;;;;;;;;
lop/IO/N-t59b11xx;9;10;;0.1;0.8;400;0;119500.0;;;;;;;;
lop/IO/N-t59b11xx;1;10;;0.1;0.9;400;0;117155.0;;;;;;;;
lop/IO/N-t59b11xx;10;10;;0.1;0.9;400;0;120760.0;;;;;;;;
lop/IO/N-t59b11xx;2;10;;0.1;0.9;400;0;108230.0;;;;;;;;
lop/IO/N-t59b11xx;3;10;;0.1;0.9;400;0;116235.0;;;;;;;;
lop/IO/N-t59b11xx;4;10;;0.1;0.9;400;0;107740.0;;;;;;;;
lop/IO/N-t59b11xx;5;10;;0.1;0.9;400;0;122995.0;;;;;;;;
lop/IO/N-t59b11xx;6;10;;0.1;0.9;400;0;113465.0;;;;;;;;
lop/IO/N-t59b11xx;7;10;;0.1;0.9;400;0;117215.0;;;;;;;;
lop/IO/N-t59b11xx;8;10;;0.1;0.9;400;0;111960.0;;;;;;;;
lop/IO/N-t59b11xx;9;10;;0.1;0.9;400;0;111510.0;;;;;;;;
lop/IO/N-t59b11xx;1;10;;0.1;0.99;400;0;123960.0;;;;;;;;
lop/IO/N-t59b11xx;10;10;;0.1;0.99;400;0;115070.0;;;;;;;;
lop/IO/N-t59b11xx;2;10;;0.1;0.99;400;0;115210.0;;;;;;;;
lop/IO/N-t59b11xx;3;10;;0.1;0.99;400;0;120600.0;;;;;;;;
lop/IO/N-t59b11xx;4;10;;0.1;0.99;400;0;106715.0;;;;;;;;
lop/IO/N-t59b11xx;5;10;;0.1;0.99;400;0;108230.0;;;;;;;;
lop/IO/N-t59b11xx;7;10;;0.1;0.99;400;0;110380.0;;;;;;;;
lop/IO/N-t59b11xx;9;10;;0.1;0.99;400;0;110850.0;;;;;;;;
lop/IO/N-t59b11xx;1;10;;0.2;0.6;400;0;130680.0;;;;;;;;
lop/IO/N-t59b11xx;10;10;;0.2;0.6;400;0;125470.0;;;;;;;;
lop/IO/N-t59b11xx;2;10;;0.2;0.6;400;0;133135.0;;;;;;;;
lop/IO/N-t59b11xx;3;10;;0.2;0.6;400;0;140275.0;;;;;;;;
lop/IO/N-t59b11xx;4;10;;0.2;0.6;400;0;129710.0;;;;;;;;
lop/IO/N-t59b11xx;5;10;;0.2;0.6;400;0;134455.0;;;;;;;;
lop/IO/N-t59b11xx;6;10;;0.2;0.6;400;0;133665.0;;;;;;;;
lop/IO/N-t59b11xx;7;10;;0.2;0.6;400;0;147225.0;;;;;;;;
lop/IO/N-t59b11xx;8;10;;0.2;0.6;400;0;133070.0;;;;;;;;
lop/IO/N-t59b11xx;9;10;;0.2;0.6;400;0;116300.0;;;;;;;;
lop/IO/N-t59b11xx;1;10;;0.2;0.7;400;0;114820.0;;;;;;;;
lop/IO/N-t59b11xx;10;10;;0.2;0.7;400;0;115620.0;;;;;;;;
lop/IO/N-t59b11xx;2;10;;0.2;0.7;400;0;137225.0;;;;;;;;
lop/IO/N-t59b11xx;3;10;;0.2;0.7;400;0;136960.0;;;;;;;;
lop/IO/N-t59b11xx;4;10;;0.2;0.7;400;0;124115.0;;;;;;;;
lop/IO/N-t59b11xx;5;10;;0.2;0.7;400;0;117180.0;;;;;;;;
lop/IO/N-t59b11xx;6;10;;0.2;0.7;400;0;125615.0;;;;;;;;
lop/IO/N-t59b11xx;7;10;;0.2;0.7;400;0;145580.0;;;;;;;;
lop/IO/N-t59b11xx;8;10;;0.2;0.7;400;0;124725.0;;;;;;;;
lop/IO/N-t59b11xx;9;10;;0.2;0.7;400;0;128895.0;;;;;;;;
lop/IO/N-t59b11xx;1;10;;0.2;0.8;400;0;126540.0;;;;;;;;
lop/IO/N-t59b11xx;10;10;;0.2;0.8;400;0;119110.0;;;;;;;;
lop/IO/N-t59b11xx;2;10;;0.2;0.8;400;0;120215.0;;;;;;;;
lop/IO/N-t59b11xx;3;10;;0.2;0.8;400;0;135855.0;;;;;;;;
lop/IO/N-t59b11xx;4;10;;0.2;0.8;400;0;120530.0;;;;;;;;
lop/IO/N-t59b11xx;5;10;;0.2;0.8;400;0;123810.0;;;;;;;;
lop/IO/N-t59b11xx;6;10;;0.2;0.8;400;0;120100.0;;;;;;;;
lop/IO/N-t59b11xx;7;10;;0.2;0.8;400;0;119610.0;;;;;;;;
lop/IO/N-t59b11xx;8;10;;0.2;0.8;400;0;117245.0;;;;;;;;
lop/IO/N-t59b11xx;9;10;;0.2;0.8;400;0;122625.0;;;;;;;;
lop/IO/N-t59b11xx;1;10;;0.2;0.9;400;0;116980.0;;;;;;;;
lop/IO/N-t59b11xx;10;10;;0.2;0.9;400;0;108375.0;;;;;;;;
lop/IO/N-t59b11xx;2;10;;0.2;0.9;400;0;119355.0;;;;;;;;
lop/IO/N-t59b11xx;3;10;;0.2;0.9;400;0;121565.0;;;;;;;;
lop/IO/N-t59b11xx;4;10;;0.2;0.9;400;0;120675.0;;;;;;;;
lop/IO/N-t59b11xx;5;10;;0.2;0.9;400;0;119630.0;;;;;;;;
lop/IO/N-t59b11xx;6;10;;0.2;0.9;400;0;120340.0;;;;;;;;
lop/IO/N-t59b11xx;7;10;;0.2;0.9;400;0;114430.0;;;;;;;;
lop/IO/N-t59b11xx;8;10;;0.2;0.9;400;0;113070.0;;;;;;;;
lop/IO/N-t59b11xx;9;10;;0.2;0.9;400;0;119510.0;;;;;;;;
lop/IO/N-t59b11xx;1;10;;0.2;0.99;400;0;118340.0;;;;;;;;
lop/IO/N-t59b11xx;10;10;;0.2;0.99;400;0;113375.0;;;;;;;;
lop/IO/N-t59b11xx;2;10;;0.2;0.99;400;0;114260.0;;;;;;;;
lop/IO/N-t59b11xx;3;10;;0.2;0.99;400;0;119325.0;;;;;;;;
lop/IO/N-t59b11xx;4;10;;0.2;0.99;400;0;112425.0;;;;;;;;
lop/IO/N-t59b11xx;5;10;;0.2;0.99;400;0;114450.0;;;;;;;;
lop/IO/N-t59b11xx;6;10;;0.2;0.99;400;0;122535.0;;;;;;;;
lop/IO/N-t59b11xx;7;10;;0.2;0.99;400;0;113100.0;;;;;;;;
lop/IO/N-t59b11xx;8;10;;0.2;0.99;400;0;106995.0;;;;;;;;
lop/IO/N-t59b11xx;9;10;;0.2;0.99;400;0;110850.0;;;;;;;;
lop/IO/N-t59b11xx;1;10;;0.3;0.6;400;0;142190.0;;;;;;;;
lop/IO/N-t59b11xx;10;10;;0.3;0.6;400;0;131235.0;;;;;;;;
lop/IO/N-t59b11xx;2;10;;0.3;0.6;400;0;126270.0;;;;;;;;
lop/IO/N-t59b11xx;3;10;;0.3;0.6;400;0;136635.0;;;;;;;;
lop/IO/N-t59b11xx;4;10;;0.3;0.6;400;0;134310.0;;;;;;;;
lop/IO/N-t59b11xx;5;10;;0.3;0.6;400;0;128760.0;;;;;;;;
lop/IO/N-t59b11xx;6;10;;0.3;0.6;400;0;136075.0;;;;;;;;
lop/IO/N-t59b11xx;7;10;;0.3;0.6;400;0;150540.0;;;;;;;;
lop/IO/N-t59b11xx;8;10;;0.3;0.6;400;0;134310.0;;;;;;;;
lop/IO/N-t59b11xx;9;10;;0.3;0.6;400;0;134425.0;;;;;;;;
lop/IO/N-t59b11xx;1;10;;0.3;0.7;400;0;125300.0;;;;;;;;
lop/IO/N-t59b11xx;10;10;;0.3;0.7;400;0;127955.0;;;;;;;;
lop/IO/N-t59b11xx;2;10;;0.3;0.7;400;0;130810.0;;;;;;;;
lop/IO/N-t59b11xx;3;10;;0.3;0.7;400;0;144860.0;;;;;;;;
lop/IO/N-t59b11xx;4;10;;0.3;0.7;400;0;127095.0;;;;;;;;
lop/IO/N-t59b11xx;5;10;;0.3;0.7;400;0;137800.0;;;;;;;;
lop/IO/N-t59b11xx;6;10;;0.3;0.7;400;0;125915.0;;;;;;;;
lop/IO/N-t59b11xx;7;10;;0.3;0.7;400;0;141615.0;;;;;;;;
lop/IO/N-t59b11xx;8;10;;0.3;0.7;400;0;131875.0;;;;;;;;
lop/IO/N-t59b11xx;9;10;;0.3;0.7;400;0;137425.0;;;;;;;;
lop/IO/N-t59b11xx;1;10;;0.3;0.8;400;0;122635.0;;;;;;;;
lop/IO/N-t59b11xx;10;10;;0.3;0.8;400;0;121300.0;;;;;;;;
lop/IO/N-t59b11xx;2;10;;0.3;0.8;400;0;128630.0;;;;;;;;
lop/IO/N-t59b11xx;3;10;;0.3;0.8;400;0;133190.0;;;;;;;;
lop/IO/N-t59b11xx;4;10;;0.3;0.8;400;0;123350.0;;;;;;;;
lop/IO/N-t59b11xx;5;10;;0.3;0.8;400;0;129530.0;;;;;;;;
lop/IO/N-t59b11xx;6;10;;0.3;0.8;400;0;121445.0;;;;;;;;
lop/IO/N-t59b11xx;7;10;;0.3;0.8;400;0;130970.0;;;;;;;;
lop/IO/N-t59b11xx;8;10;;0.3;0.8;400;0;127165.0;;;;;;;;
lop/IO/N-t59b11xx;9;10;;0.3;0.8;400;0;128265.0;;;;;;;;
lop/IO/N-t59b11xx;1;10;;0.3;0.9;400;0;127635.0;;;;;;;;
lop/IO/N-t59b11xx;10;10;;0.3;0.9;400;0;117225.0;;;;;;;;
lop/IO/N-t59b11xx;2;10;;0.3;0.9;400;0;124020.0;;;;;;;;
lop/IO/N-t59b11xx;3;10;;0.3;0.9;400;0;127345.0;;;;;;;;
lop/IO/N-t59b11xx;4;10;;0.3;0.9;400;0;125145.0;;;;;;;;
lop/IO/N-t59b11xx;5;10;;0.3;0.9;400;0;122300.0;;;;;;;;
lop/IO/N-t59b11xx;6;10;;0.3;0.9;400;0;123790.0;;;;;;;;
lop/IO/N-t59b11xx;7;10;;0.3;0.9;400;0;130630.0;;;;;;;;
lop/IO/N-t59b11xx;8;10;;0.3;0.9;400;0;116635.0;;;;;;;;
lop/IO/N-t59b11xx;9;10;;0.3;0.9;400;0;115105.0;;;;;;;;
lop/IO/N-t59b11xx;1;10;;0.3;0.99;400;0;106805.0;;;;;;;;
lop/IO/N-t59b11xx;10;10;;0.3;0.99;400;0;112970.0;;;;;;;;
lop/IO/N-t59b11xx;2;10;;0.3;0.99;400;0;114695.0;;;;;;;;
lop/IO/N-t59b11xx;3;10;;0.3;0.99;400;0;112980.0;;;;;;;;
lop/IO/N-t59b11xx;4;10;;0.3;0.99;400;0;113215.0;;;;;;;;
lop/IO/N-t59b11xx;5;10;;0.3;0.99;400;0;120150.0;;;;;;;;
lop/IO/N-t59b11xx;6;10;;0.3;0.99;400;0;114160.0;;;;;;;;
lop/IO/N-t59b11xx;7;10;;0.3;0.99;400;0;126145.0;;;;;;;;
lop/IO/N-t59b11xx;8;10;;0.3;0.99;400;0;111880.0;;;;;;;;
lop/IO/N-t59b11xx;9;10;;0.3;0.99;400;0;111325.0;;;;;;;;
lop/IO/N-t59b11xx;1;10;;0.4;0.6;400;0;141510.0;;;;;;;;
lop/IO/N-t59b11xx;10;10;;0.4;0.6;400;0;137590.0;;;;;;;;
lop/IO/N-t59b11xx;2;10;;0.4;0.6;400;0;141110.0;;;;;;;;
lop/IO/N-t59b11xx;3;10;;0.4;0.6;400;0;150565.0;;;;;;;;
lop/IO/N-t59b11xx;4;10;;0.4;0.6;400;0;129310.0;;;;;;;;
lop/IO/N-t59b11xx;5;10;;0.4;0.6;400;0;148865.0;;;;;;;;
lop/IO/N-t59b11xx;6;10;;0.4;0.6;400;0;140970.0;;;;;;;;
lop/IO/N-t59b11xx;7;10;;0.4;0.6;400;0;162665.0;;;;;;;;
lop/IO/N-t59b11xx;8;10;;0.4;0.6;400;0;138005.0;;;;;;;;
lop/IO/N-t59b11xx;9;10;;0.4;0.6;400;0;137845.0;;;;;;;;
lop/IO/N-t59b11xx;1;10;;0.4;0.7;400;0;142840.0;;;;;;;;
lop/IO/N-t59b11xx;10;10;;0.4;0.7;400;0;130095.0;;;;;;;;
lop/IO/N-t59b11xx;2;10;;0.4;0.7;400;0;134365.0;;;;;;;;
lop/IO/N-t59b11xx;3;10;;0.4;0.7;400;0;145540.0;;;;;;;;
lop/IO/N-t59b11xx;4;10;;0.4;0.7;400;0;132260.0;;;;;;;;
lop/IO/N-t59b11xx;5;10;;0.4;0.7;400;0;141550.0;;;;;;;;
lop/IO/N-t59b11xx;6;10;;0.4;0.7;400;0;128445.0;;;;;;;;
lop/IO/N-t59b11xx;7;10;;0.4;0.7;400;0;153640.0;;;;;;;;
lop/IO/N-t59b11xx;8;10;;0.4;0.7;400;0;140720.0;;;;;;;;
lop/IO/N-t59b11xx;9;10;;0.4;0.7;400;0;134440.0;;;;;;;;
lop/IO/N-t59b11xx;1;10;;0.4;0.8;400;0;129035.0;;;;;;;;
lop/IO/N-t59b11xx;10;10;;0.4;0.8;400;0;135275.0;;;;;;;;
lop/IO/N-t59b11xx;2;10;;0.4;0.8;400;0;132080.0;;;;;;;;
lop/IO/N-t59b11xx;3;10;;0.4;0.8;400;0;137820.0;;;;;;;;
lop/IO/N-t59b11xx;4;10;;0.4;0.8;400;0;129125.0;;;;;;;;
lop/IO/N-t59b11xx;5;10;;0.4;0.8;400;0;136650.0;;;;;;;;
lop/IO/N-t59b11xx;6;10;;0.4;0.8;400;0;134605.0;;;;;;;;
lop/IO/N-t59b11xx;7;10;;0.4;0.8;400;0;150645.0;;;;;;;;
lop/IO/N-t59b11xx;8;10;;0.4;0.8;400;0;122450.0;;;;;;;;
lop/IO/N-t59b11xx;9;10;;0.4;0.8;400;0;134950.0;;;;;;;;
lop/IO/N-t59b11xx;1;10;;0.4;0.9;400;0;126515.0;;;;;;;;
lop/IO/N-t59b11xx;10;10;;0.4;0.9;400;0;120500.0;;;;;;;;
lop/IO/N-t59b11xx;2;10;;0.4;0.9;400;0;126255.0;;;;;;;;
lop/IO/N-t59b11xx;3;10;;0.4;0.9;400;0;125360.0;;;;;;;;
lop/IO/N-t59b11xx;4;10;;0.4;0.9;400;0;123850.0;;;;;;;;
lop/IO/N-t59b11xx;5;10;;0.4;0.9;400;0;133890.0;;;;;;;;
lop/IO/N-t59b11xx;6;10;;0.4;0.9;400;0;122585.0;;;;;;;;
lop/IO/N-t59b11xx;7;10;;0.4;0.9;400;0;127615.0;;;;;;;;
lop/IO/N-t59b11xx;8;10;;0.4;0.9;400;0;119590.0;;;;;;;;
lop/IO/N-t59b11xx;9;10;;0.4;0.9;400;0;121070.0;;;;;;;;
lop/IO/N-t59b11xx;1;10;;0.4;0.99;400;0;125365.0;;;;;;;;
lop/IO/N-t59b11xx;10;10;;0.4;0.99;400;0;111225.0;;;;;;;;
lop/IO/N-t59b11xx;2;10;;0.4;0.99;400;0;112435.0;;;;;;;;
lop/IO/N-t59b11xx;3;10;;0.4;0.99;400;0;118095.0;;;;;;;;
lop/IO/N-t59b11xx;4;10;;0.4;0.99;400;0;109865.0;;;;;;;;
lop/IO/N-t59b11xx;5;10;;0.4;0.99;400;0;113570.0;;;;;;;;
lop/IO/N-t59b11xx;6;10;;0.4;0.99;400;0;110625.0;;;;;;;;
lop/IO/N-t59b11xx;7;10;;0.4;0.99;400;0;108015.0;;;;;;;;
lop/IO/N-t59b11xx;8;10;;0.4;0.99;400;0;111270.0;;;;;;;;
lop/IO/N-t59b11xx;9;10;;0.4;0.99;400;0;119300.0;;;;;;;;
lop/IO/N-t59b11xx;1;10;;0.5;0.6;400;0;146205.0;;;;;;;;
lop/IO/N-t59b11xx;10;10;;0.5;0.6;400;0;148565.0;;;;;;;;
lop/IO/N-t59b11xx;2;10;;0.5;0.6;400;0;145085.0;;;;;;;;
lop/IO/N-t59b11xx;3;10;;0.5;0.6;400;0;155990.0;;;;;;;;
lop/IO/N-t59b11xx;4;10;;0.5;0.6;400;0;150420.0;;;;;;;;
lop/IO/N-t59b11xx;5;10;;0.5;0.6;400;0;157580.0;;;;;;;;
lop/IO/N-t59b11xx;6;10;;0.5;0.6;400;0;152290.0;;;;;;;;
lop/IO/N-t59b11xx;7;10;;0.5;0.6;400;0;162845.0;;;;;;;;
lop/IO/N-t59b11xx;8;10;;0.5;0.6;400;0;143655.0;;;;;;;;
lop/IO/N-t59b11xx;9;10;;0.5;0.6;400;0;148405.0;;;;;;;;
lop/IO/N-t59b11xx;1;10;;0.5;0.7;400;0;147100.0;;;;;;;;
lop/IO/N-t59b11xx;10;10;;0.5;0.7;400;0;140900.0;;;;;;;;
lop/IO/N-t59b11xx;2;10;;0.5;0.7;400;0;148630.0;;;;;;;;
lop/IO/N-t59b11xx;3;10;;0.5;0.7;400;0;148745.0;;;;;;;;
lop/IO/N-t59b11xx;4;10;;0.5;0.7;400;0;137235.0;;;;;;;;
lop/IO/N-t59b11xx;5;10;;0.5;0.7;400;0;147655.0;;;;;;;;
lop/IO/N-t59b11xx;6;10;;0.5;0.7;400;0;147030.0;;;;;;;;
lop/IO/N-t59b11xx;7;10;;0.5;0.7;400;0;146715.0;;;;;;;;
lop/IO/N-t59b11xx;8;10;;0.5;0.7;400;0;146940.0;;;;;;;;
lop/IO/N-t59b11xx;9;10;;0.5;0.7;400;0;140215.0;;;;;;;;
lop/IO/N-t59b11xx;1;10;;0.5;0.8;400;0;132835.0;;;;;;;;
lop/IO/N-t59b11xx;10;10;;0.5;0.8;400;0;128920.0;;;;;;;;
lop/IO/N-t59b11xx;2;10;;0.5;0.8;400;0;141260.0;;;;;;;;
lop/IO/N-t59b11xx;3;10;;0.5;0.8;400;0;142105.0;;;;;;;;
lop/IO/N-t59b11xx;4;10;;0.5;0.8;400;0;131275.0;;;;;;;;
lop/IO/N-t59b11xx;5;10;;0.5;0.8;400;0;149720.0;;;;;;;;
lop/IO/N-t59b11xx;6;10;;0.5;0.8;400;0;135515.0;;;;;;;;
lop/IO/N-t59b11xx;7;10;;0.5;0.8;400;0;141990.0;;;;;;;;
lop/IO/N-t59b11xx;8;10;;0.5;0.8;400;0;135570.0;;;;;;;;
lop/IO/N-t59b11xx;9;10;;0.5;0.8;400;0;132720.0;;;;;;;;
lop/IO/N-t59b11xx;1;10;;0.5;0.9;400;0;121895.0;;;;;;;;
lop/IO/N-t59b11xx;10;10;;0.5;0.9;400;0;118765.0;;;;;;;;
lop/IO/N-t59b11xx;2;10;;0.5;0.9;400;0;140135.0;;;;;;;;
lop/IO/N-t59b11xx;3;10;;0.5;0.9;400;0;139035.0;;;;;;;;
lop/IO/N-t59b11xx;4;10;;0.5;0.9;400;0;124695.0;;;;;;;;
lop/IO/N-t59b11xx;5;10;;0.5;0.9;400;0;124770.0;;;;;;;;
lop/IO/N-t59b11xx;6;10;;0.5;0.9;400;0;125550.0;;;;;;;;
lop/IO/N-t59b11xx;7;10;;0.5;0.9;400;0;146740.0;;;;;;;;
lop/IO/N-t59b11xx;8;10;;0.5;0.9;400;0;126095.0;;;;;;;;
lop/IO/N-t59b11xx;9;10;;0.5;0.9;400;0;121145.0;;;;;;;;
lop/SGB/N-sgb75.01;1;10;;0.1;0.6;400;0;1970810.0;;;;;;;;
lop/SGB/N-sgb75.01;10;10;;0.1;0.6;400;0;2001019.0;;;;;;;;
lop/SGB/N-sgb75.01;2;10;;0.1;0.6;400;0;2060131.0;;;;;;;;
lop/SGB/N-sgb75.01;3;10;;0.1;0.6;400;0;2071329.0;;;;;;;;
lop/SGB/N-sgb75.01;4;10;;0.1;0.6;400;0;2053450.0;;;;;;;;
lop/SGB/N-sgb75.01;5;10;;0.1;0.6;400;0;2077163.0;;;;;;;;
lop/SGB/N-sgb75.01;6;10;;0.1;0.6;400;0;1913521.0;;;;;;;;
lop/SGB/N-sgb75.01;7;10;;0.1;0.6;400;0;2041558.0;;;;;;;;
lop/SGB/N-sgb75.01;8;10;;0.1;0.6;400;0;2076575.0;;;;;;;;
lop/SGB/N-sgb75.01;9;10;;0.1;0.6;400;0;2092854.0;;;;;;;;
lop/SGB/N-sgb75.01;1;10;;0.1;0.7;400;0;2019702.0;;;;;;;;
lop/SGB/N-sgb75.01;10;10;;0.1;0.7;400;0;1955237.0;;;;;;;;
lop/SGB/N-sgb75.01;2;10;;0.1;0.7;400;0;1950310.0;;;;;;;;
lop/SGB/N-sgb75.01;3;10;;0.1;0.7;400;0;2023665.0;;;;;;;;
lop/SGB/N-sgb75.01;4;10;;0.1;0.7;400;0;1981438.0;;;;;;;;
lop/SGB/N-sgb75.01;5;10;;0.1;0.7;400;0;2019897.0;;;;;;;;
lop/SGB/N-sgb75.01;6;10;;0.1;0.7;400;0;1951163.0;;;;;;;;
lop/SGB/N-sgb75.01;7;10;;0.1;0.7;400;0;1966597.0;;;;;;;;
lop/SGB/N-sgb75.01;8;10;;0.1;0.7;400;0;1993367.0;;;;;;;;
lop/SGB/N-sgb75.01;9;10;;0.1;0.7;400;0;2093444.0;;;;;;;;
lop/SGB/N-sgb75.01;1;10;;0.1;0.8;400;0;1952090.0;;;;;;;;
lop/SGB/N-sgb75.01;10;10;;0.1;0.8;400;0;2028714.0;;;;;;;;
lop/SGB/N-sgb75.01;2;10;;0.1;0.8;400;0;1933461.0;;;;;;;;
lop/SGB/N-sgb75.01;3;10;;0.1;0.8;400;0;2068564.0;;;;;;;;
lop/SGB/N-sgb75.01;4;10;;0.1;0.8;400;0;2004439.0;;;;;;;;
lop/SGB/N-sgb75.01;5;10;;0.1;0.8;400;0;1979760.0;;;;;;;;
lop/SGB/N-sgb75.01;6;10;;0.1;0.8;400;0;1960267.0;;;;;;;;
lop/SGB/N-sgb75.01;7;10;;0.1;0.8;400;0;1972829.0;;;;;;;;
lop/SGB/N-sgb75.01;8;10;;0.1;0.8;400;0;1960129.0;;;;;;;;
lop/SGB/N-sgb75.01;9;10;;0.1;0.8;400;0;1996843.0;;;;;;;;
lop/SGB/N-sgb75.01;1;10;;0.1;0.9;400;0;2004606.0;;;;;;;;
lop/SGB/N-sgb75.01;10;10;;0.1;0.9;400;0;1942018.0;;;;;;;;
lop/SGB/N-sgb75.01;2;10;;0.1;0.9;400;0;2009929.0;;;;;;;;
lop/SGB/N-sgb75.01;3;10;;0.1;0.9;400;0;2045965.0;;;;;;;;
lop/SGB/N-sgb75.01;4;10;;0.1;0.9;400;0;1980795.0;;;;;;;;
lop/SGB/N-sgb75.01;5;10;;0.1;0.9;400;0;1975440.0;;;;;;;;
lop/SGB/N-sgb75.01;6;10;;0.1;0.9;400;0;1957440.0;;;;;;;;
lop/SGB/N-sgb75.01;7;10;;0.1;0.9;400;0;1919692.0;;;;;;;;
lop/SGB/N-sgb75.01;8;10;;0.1;0.9;400;0;2015351.0;;;;;;;;
lop/SGB/N-sgb75.01;9;10;;0.1;0.9;400;0;1983976.0;;;;;;;;
lop/SGB/N-sgb75.01;1;10;;0.1;0.99;400;0;1952500.0;;;;;;;;
lop/SGB/N-sgb75.01;10;10;;0.1;0.99;400;0;1980771.0;;;;;;;;
lop/SGB/N-sgb75.01;2;10;;0.1;0.99;400;0;1970485.0;;;;;;;;
lop/SGB/N-sgb75.01;3;10;;0.1;0.99;400;0;1990857.0;;;;;;;;
lop/SGB/N-sgb75.01;4;10;;0.1;0.99;400;0;1996712.0;;;;;;;;
lop/SGB/N-sgb75.01;5;10;;0.1;0.99;400;0;1948559.0;;;;;;;;
lop/SGB/N-sgb75.01;6;10;;0.1;0.99;400;0;1850645.0;;;;;;;;
lop/SGB/N-sgb75.01;7;10;;0.1;0.99;400;0;1895454.0;;;;;;;;
lop/SGB/N-sgb75.01;8;10;;0.1;0.99;400;0;1854525.0;;;;;;;;
lop/SGB/N-sgb75.01;9;10;;0.1;0.99;400;0;1990778.0;;;;;;;;
lop/SGB/N-sgb75.01;1;10;;0.2;0.6;400;0;2015402.0;;;;;;;;
lop/SGB/N-sgb75.01;10;10;;0.2;0.6;400;0;2053527.0;;;;;;;;
lop/SGB/N-sgb75.01;2;10;;0.2;0.6;400;0;2070644.0;;;;;;;;
lop/SGB/N-sgb75.01;3;10;;0.2;0.6;400;0;2104121.0;;;;;;;;
lop/SGB/N-sgb75.01;4;10;;0.2;0.6;400;0;2015412.0;;;;;;;;
lop/SGB/N-sgb75.01;5;10;;0.2;0.6;400;0;2093298.0;;;;;;;;
lop/SGB/N-sgb75.01;6;10;;0.2;0.6;400;0;2033182.0;;;;;;;;
lop/SGB/N-sgb75.01;7;10;;0.2;0.6;400;0;2006084.0;;;;;;;;
lop/SGB/N-sgb75.01;8;10;;0.2;0.6;400;0;2074215.0;;;;;;;;
lop/SGB/N-sgb75.01;9;10;;0.2;0.6;400;0;2117443.0;;;;;;;;
lop/SGB/N-sgb75.01;1;10;;0.2;0.7;400;0;2028480.0;;;;;;;;
lop/SGB/N-sgb75.01;10;10;;0.2;0.7;400;0;2025878.0;;;;;;;;
lop/SGB/N-sgb75.01;2;10;;0.2;0.7;400;0;1989743.0;;;;;;;;
lop/SGB/N-sgb75.01;3;10;;0.2;0.7;400;0;2151443.0;;;;;;;;
lop/SGB/N-sgb75.01;4;10;;0.2;0.7;400;0;2016951.0;;;;;;;;
lop/SGB/N-sgb75.01;5;10;;0.2;0.7;400;0;2023301.0;;;;;;;;
lop/SGB/N-sgb75.01;6;10;;0.2;0.7;400;0;2004455.0;;;;;;;;
lop/SGB/N-sgb75.01;7;10;;0.2;0.7;400;0;2004727.0;;;;;;;;
lop/SGB/N-sgb75.01;8;10;;0.2;0.7;400;0;1980437.0;;;;;;;;
lop/SGB/N-sgb75.01;9;10;;0.2;0.7;400;0;2006725.0;;;;;;;;
lop/SGB/N-sgb75.01;1;10;;0.2;0.8;400;0;2097573.0;;;;;;;;
lop/SGB/N-sgb75.01;10;10;;0.2;0.8;400;0;1992615.0;;;;;;;;
lop/SGB/N-sgb75.01;2;10;;0.2;0.8;400;0;2028275.0;;;;;;;;
lop/SGB/N-sgb75.01;3;10;;0.2;0.8;400;0;2123002.0;;;;;;;;
lop/SGB/N-sgb75.01;4;10;;0.2;0.8;400;0;1980893.0;;;;;;;;
lop/SGB/N-sgb75.01;5;10;;0.2;0.8;400;0;2111824.0;;;;;;;;
lop/SGB/N-sgb75.01;6;10;;0.2;0.8;400;0;1987009.0;;;;;;;;
lop/SGB/N-sgb75.01;7;10;;0.2;0.8;400;0;2170930.0;;;;;;;;
lop/SGB/N-sgb75.01;8;10;;0.2;0.8;400;0;1987117.0;;;;;;;;
lop/SGB/N-sgb75.01;9;10;;0.2;0.8;400;0;2086864.0;;;;;;;;
lop/SGB/N-sgb75.01;1;10;;0.2;0.9;400;0;2086852.0;;;;;;;;
lop/SGB/N-sgb75.01;10;10;;0.2;0.9;400;0;1915484.0;;;;;;;;
lop/SGB/N-sgb75.01;2;10;;0.2;0.9;400;0;2169289.0;;;;;;;;
lop/SGB/N-sgb75.01;3;10;;0.2;0.9;400;0;2051498.0;;;;;;;;
lop/SGB/N-sgb75.01;4;10;;0.2;0.9;400;0;2018160.0;;;;;;;;
lop/SGB/N-sgb75.01;5;10;;0.2;0.9;400;0;1983112.0;;;;;;;;
lop/SGB/N-sgb75.01;6;10;;0.2;0.9;400;0;2059856.0;;;;;;;;
lop/SGB/N-sgb75.01;7;10;;0.2;0.9;400;0;1938270.0;;;;;;;;
lop/SGB/N-sgb75.01;8;10;;0.2;0.9;400;0;2007446.0;;;;;;;;
lop/SGB/N-sgb75.01;9;10;;0.2;0.9;400;0;1984595.0;;;;;;;;
lop/SGB/N-sgb75.01;1;10;;0.2;0.99;400;0;2034459.0;;;;;;;;
lop/SGB/N-sgb75.01;10;10;;0.2;0.99;400;0;2001802.0;;;;;;;;
lop/SGB/N-sgb75.01;2;10;;0.2;0.99;400;0;2032534.0;;;;;;;;
lop/SGB/N-sgb75.01;3;10;;0.2;0.99;400;0;2004649.0;;;;;;;;
lop/SGB/N-sgb75.01;4;10;;0.2;0.99;400;0;1906236.0;;;;;;;;
lop/SGB/N-sgb75.01;5;10;;0.2;0.99;400;0;2028469.0;;;;;;;;
lop/SGB/N-sgb75.01;6;10;;0.2;0.99;400;0;1850560.0;;;;;;;;
lop/SGB/N-sgb75.01;7;10;;0.2;0.99;400;0;1923737.0;;;;;;;;
lop/SGB/N-sgb75.01;8;10;;0.2;0.99;400;0;1939742.0;;;;;;;;
lop/SGB/N-sgb75.01;9;10;;0.2;0.99;400;0;1932677.0;;;;;;;;
lop/SGB/N-sgb75.01;1;10;;0.3;0.6;400;0;2076730.0;;;;;;;;
lop/SGB/N-sgb75.01;10;10;;0.3;0.6;400;0;2070636.0;;;;;;;;
lop/SGB/N-sgb75.01;2;10;;0.3;0.6;400;0;2045357.0;;;;;;;;
lop/SGB/N-sgb75.01;3;10;;0.3;0.6;400;0;2123917.0;;;;;;;;
lop/SGB/N-sgb75.01;4;10;;0.3;0.6;400;0;1993945.0;;;;;;;;
lop/SGB/N-sgb75.01;5;10;;0.3;0.6;400;0;2042412.0;;;;;;;;
lop/SGB/N-sgb75.01;6;10;;0.3;0.6;400;0;1974255.0;;;;;;;;
lop/SGB/N-sgb75.01;7;10;;0.3;0.6;400;0;2141418.0;;;;;;;;
lop/SGB/N-sgb75.01;8;10;;0.3;0.6;400;0;2100859.0;;;;;;;;
lop/SGB/N-sgb75.01;9;10;;0.3;0.6;400;0;2120006.0;;;;;;;;
lop/SGB/N-sgb75.01;1;10;;0.3;0.7;400;0;1998152.0;;;;;;;;
lop/SGB/N-sgb75.01;10;10;;0.3;0.7;400;0;2128242.0;;;;;;;;
lop/SGB/N-sgb75.01;2;10;;0.3;0.7;400;0;2055044.0;;;;;;;;
lop/SGB/N-sgb75.01;3;10;;0.3;0.7;400;0;2099931.0;;;;;;;;
lop/SGB/N-sgb75.01;4;10;;0.3;0.7;400;0;2085327.0;;;;;;;;
lop/SGB/N-sgb75.01;5;10;;0.3;0.7;400;0;2009793.0;;;;;;;;
lop/SGB/N-sgb75.01;6;10;;0.3;0.7;400;0;1976977.0;;;;;;;;
lop/SGB/N-sgb75.01;7;10;;0.3;0.7;400;0;2087938.0;;;;;;;;
lop/SGB/N-sgb75.01;8;10;;0.3;0.7;400;0;2123656.0;;;;;;;;
lop/SGB/N-sgb75.01;9;10;;0.3;0.7;400;0;2104803.0;;;;;;;;
lop/SGB/N-sgb75.01;1;10;;0.3;0.8;400;0;2120853.0;;;;;;;;
lop/SGB/N-sgb75.01;10;10;;0.3;0.8;400;0;2140930.0;;;;;;;;
lop/SGB/N-sgb75.01;2;10;;0.3;0.8;400;0;1958976.0;;;;;;;;
lop/SGB/N-sgb75.01;3;10;;0.3;0.8;400;0;2029156.0;;;;;;;;
lop/SGB/N-sgb75.01;4;10;;0.3;0.8;400;0;2030263.0;;;;;;;;
lop/SGB/N-sgb75.01;5;10;;0.3;0.8;400;0;2007529.0;;;;;;;;
lop/SGB/N-sgb75.01;6;10;;0.3;0.8;400;0;1952690.0;;;;;;;;
lop/SGB/N-sgb75.01;7;10;;0.3;0.8;400;0;1991659.0;;;;;;;;
lop/SGB/N-sgb75.01;8;10;;0.3;0.8;400;0;2088016.0;;;;;;;;
lop/SGB/N-sgb75.01;9;10;;0.3;0.8;400;0;2097138.0;;;;;;;;
lop/SGB/N-sgb75.01;1;10;;0.3;0.9;400;0;2023022.0;;;;;;;;
lop/SGB/N-sgb75.01;10;10;;0.3;0.9;400;0;2021024.0;;;;;;;;
lop/SGB/N-sgb75.01;2;10;;0.3;0.9;400;0;2020739.0;;;;;;;;
lop/SGB/N-sgb75.01;3;10;;0.3;0.9;400;0;2110085.0;;;;;;;;
lop/SGB/N-sgb75.01;4;10;;0.3;0.9;400;0;2018855.0;;;;;;;;
lop/SGB/N-sgb75.01;5;10;;0.3;0.9;400;0;1993385.0;;;;;;;;
lop/SGB/N-sgb75.01;6;10;;0.3;0.9;400;0;1938158.0;;;;;;;;
lop/SGB/N-sgb75.01;7;10;;0.3;0.9;400;0;1954443.0;;;;;;;;
lop/SGB/N-sgb75.01;8;10;;0.3;0.9;400;0;2051756.0;;;;;;;;
lop/SGB/N-sgb75.01;9;10;;0.3;0.9;400;0;2036805.0;;;;;;;;
lop/SGB/N-sgb75.01;1;10;;0.3;0.99;400;0;1963373.0;;;;;;;;
lop/SGB/N-sgb75.01;10;10;;0.3;0.99;400;0;1918001.0;;;;;;;;
lop/SGB/N-sgb75.01;2;10;;0.3;0.99;400;0;2080112.0;;;;;;;;
lop/SGB/N-sgb75.01;3;10;;0.3;0.99;400;0;2063000.0;;;;;;;;
lop/SGB/N-sgb75.01;4;10;;0.3;0.99;400;0;1944126.0;;;;;;;;
lop/SGB/N-sgb75.01;5;10;;0.3;0.99;400;0;1948192.0;;;;;;;;
lop/SGB/N-sgb75.01;6;10;;0.3;0.99;400;0;1881551.0;;;;;;;;
lop/SGB/N-sgb75.01;7;10;;0.3;0.99;400;0;1948554.0;;;;;;;;
lop/SGB/N-sgb75.01;8;10;;0.3;0.99;400;0;1968117.0;;;;;;;;
lop/SGB/N-sgb75.01;9;10;;0.3;0.99;400;0;1991167.0;;;;;;;;
lop/SGB/N-sgb75.01;1;10;;0.4;0.6;400;0;2096179.0;;;;;;;;
lop/SGB/N-sgb75.01;10;10;;0.4;0.6;400;0;2243313.0;;;;;;;;
lop/SGB/N-sgb75.01;2;10;;0.4;0.6;400;0;2121003.0;;;;;;;;
lop/SGB/N-sgb75.01;3;10;;0.4;0.6;400;0;2157025.0;;;;;;;;
lop/SGB/N-sgb75.01;4;10;;0.4;0.6;400;0;2188953.0;;;;;;;;
lop/SGB/N-sgb75.01;5;10;;0.4;0.6;400;0;2099931.0;;;;;;;;
lop/SGB/N-sgb75.01;6;10;;0.4;0.6;400;0;2081653.0;;;;;;;;
lop/SGB/N-sgb75.01;7;10;;0.4;0.6;400;0;2144220.0;;;;;;;;
lop/SGB/N-sgb75.01;8;10;;0.4;0.6;400;0;2114470.0;;;;;;;;
lop/SGB/N-sgb75.01;9;10;;0.4;0.6;400;0;2067305.0;;;;;;;;
lop/SGB/N-sgb75.01;1;10;;0.4;0.7;400;0;2094426.0;;;;;;;;
lop/SGB/N-sgb75.01;10;10;;0.4;0.7;400;0;2077940.0;;;;;;;;
lop/SGB/N-sgb75.01;2;10;;0.4;0.7;400;0;2147974.0;;;;;;;;
lop/SGB/N-sgb75.01;3;10;;0.4;0.7;400;0;2151028.0;;;;;;;;
lop/SGB/N-sgb75.01;4;10;;0.4;0.7;400;0;2124398.0;;;;;;;;
lop/SGB/N-sgb75.01;5;10;;0.4;0.7;400;0;2114598.0;;;;;;;;
lop/SGB/N-sgb75.01;6;10;;0.4;0.7;400;0;2055306.0;;;;;;;;
lop/SGB/N-sgb75.01;7;10;;0.4;0.7;400;0;2168561.0;;;;;;;;
lop/SGB/N-sgb75.01;8;10;;0.4;0.7;400;0;2129731.0;;;;;;;;
lop/SGB/N-sgb75.01;9;10;;0.4;0.7;400;0;2099433.0;;;;;;;;
lop/SGB/N-sgb75.01;1;10;;0.4;0.8;400;0;2068667.0;;;;;;;;
lop/SGB/N-sgb75.01;10;10;;0.4;0.8;400;0;2048523.0;;;;;;;;
lop/SGB/N-sgb75.01;2;10;;0.4;0.8;400;0;2015951.0;;;;;;;;
lop/SGB/N-sgb75.01;3;10;;0.4;0.8;400;0;2114750.0;;;;;;;;
lop/SGB/N-sgb75.01;4;10;;0.4;0.8;400;0;2117390.0;;;;;;;;
lop/SGB/N-sgb75.01;5;10;;0.4;0.8;400;0;2056480.0;;;;;;;;
lop/SGB/N-sgb75.01;6;10;;0.4;0.8;400;0;1971128.0;;;;;;;;
lop/SGB/N-sgb75.01;7;10;;0.4;0.8;400;0;2140556.0;;;;;;;;
lop/SGB/N-sgb75.01;8;10;;0.4;0.8;400;0;2084973.0;;;;;;;;
lop/SGB/N-sgb75.01;9;10;;0.4;0.8;400;0;2063842.0;;;;;;;;
lop/SGB/N-sgb75.01;1;10;;0.4;0.9;400;0;2079698.0;;;;;;;;
lop/SGB/N-sgb75.01;10;10;;0.4;0.9;400;0;2076411.0;;;;;;;;
lop/SGB/N-sgb75.01;2;10;;0.4;0.9;400;0;2011052.0;;;;;;;;
lop/SGB/N-sgb75.01;3;10;;0.4;0.9;400;0;2148296.0;;;;;;;;
lop/SGB/N-sgb75.01;4;10;;0.4;0.9;400;0;2011063.0;;;;;;;;
lop/SGB/N-sgb75.01;5;10;;0.4;0.9;400;0;2051606.0;;;;;;;;
lop/SGB/N-sgb75.01;6;10;;0.4;0.9;400;0;1896392.0;;;;;;;;
lop/SGB/N-sgb75.01;7;10;;0.4;0.9;400;0;2007232.0;;;;;;;;
lop/SGB/N-sgb75.01;8;10;;0.4;0.9;400;0;1975040.0;;;;;;;;
lop/SGB/N-sgb75.01;9;10;;0.4;0.9;400;0;2079097.0;;;;;;;;
lop/SGB/N-sgb75.01;1;10;;0.4;0.99;400;0;1998858.0;;;;;;;;
lop/SGB/N-sgb75.01;10;10;;0.4;0.99;400;0;2062984.0;;;;;;;;
lop/SGB/N-sgb75.01;2;10;;0.4;0.99;400;0;2172607.0;;;;;;;;
lop/SGB/N-sgb75.01;3;10;;0.4;0.99;400;0;2097513.0;;;;;;;;
lop/SGB/N-sgb75.01;4;10;;0.4;0.99;400;0;1959406.0;;;;;;;;
lop/SGB/N-sgb75.01;5;10;;0.4;0.99;400;0;2007433.0;;;;;;;;
lop/SGB/N-sgb75.01;6;10;;0.4;0.99;400;0;1927564.0;;;;;;;;
lop/SGB/N-sgb75.01;7;10;;0.4;0.99;400;0;2025212.0;;;;;;;;
lop/SGB/N-sgb75.01;8;10;;0.4;0.99;400;0;2029877.0;;;;;;;;
lop/SGB/N-sgb75.01;9;10;;0.4;0.99;400;0;2027509.0;;;;;;;;
lop/SGB/N-sgb75.01;1;10;;0.5;0.6;400;0;2092839.0;;;;;;;;
lop/SGB/N-sgb75.01;10;10;;0.5;0.6;400;0;2128403.0;;;;;;;;
lop/SGB/N-sgb75.01;2;10;;0.5;0.6;400;0;2098982.0;;;;;;;;
lop/SGB/N-sgb75.01;3;10;;0.5;0.6;400;0;2160381.0;;;;;;;;
lop/SGB/N-sgb75.01;4;10;;0.5;0.6;400;0;2175578.0;;;;;;;;
lop/SGB/N-sgb75.01;5;10;;0.5;0.6;400;0;2125100.0;;;;;;;;
lop/SGB/N-sgb75.01;6;10;;0.5;0.6;400;0;2167851.0;;;;;;;;
lop/SGB/N-sgb75.01;7;10;;0.5;0.6;400;0;2177985.0;;;;;;;;
lop/SGB/N-sgb75.01;8;10;;0.5;0.6;400;0;2172242.0;;;;;;;;
lop/SGB/N-sgb75.01;9;10;;0.5;0.6;400;0;2011861.0;;;;;;;;
lop/SGB/N-sgb75.01;1;10;;0.5;0.7;400;0;2080216.0;;;;;;;;
lop/SGB/N-sgb75.01;10;10;;0.5;0.7;400;0;2203508.0;;;;;;;;
lop/SGB/N-sgb75.01;2;10;;0.5;0.7;400;0;2081787.0;;;;;;;;
lop/SGB/N-sgb75.01;3;10;;0.5;0.7;400;0;2126878.0;;;;;;;;
lop/SGB/N-sgb75.01;4;10;;0.5;0.7;400;0;2138598.0;;;;;;;;
lop/SGB/N-sgb75.01;5;10;;0.5;0.7;400;0;2100894.0;;;;;;;;
lop/SGB/N-sgb75.01;6;10;;0.5;0.7;400;0;2080697.0;;;;;;;;
lop/SGB/N-sgb75.01;7;10;;0.5;0.7;400;0;2125008.0;;;;;;;;
lop/SGB/N-sgb75.01;8;10;;0.5;0.7;400;0;2144104.0;;;;;;;;
lop/SGB/N-sgb75.01;9;10;;0.5;0.7;400;0;2098227.0;;;;;;;;
lop/SGB/N-sgb75.01;1;10;;0.5;0.8;400;0;2064833.0;;;;;;;;
lop/SGB/N-sgb75.01;10;10;;0.5;0.8;400;0;2074491.0;;;;;;;;
lop/SGB/N-sgb75.01;2;10;;0.5;0.8;400;0;2029273.0;;;;;;;;
lop/SGB/N-sgb75.01;3;10;;0.5;0.8;400;0;2159683.0;;;;;;;;
lop/SGB/N-sgb75.01;4;10;;0.5;0.8;400;0;2108977.0;;;;;;;;
lop/SGB/N-sgb75.01;5;10;;0.5;0.8;400;0;2065853.0;;;;;;;;
lop/SGB/N-sgb75.01;6;10;;0.5;0.8;400;0;1990986.0;;;;;;;;
lop/SGB/N-sgb75.01;7;10;;0.5;0.8;400;0;2206012.0;;;;;;;;
lop/SGB/N-sgb75.01;8;10;;0.5;0.8;400;0;2141563.0;;;;;;;;
lop/SGB/N-sgb75.01;9;10;;0.5;0.8;400;0;2055039.0;;;;;;;;
lop/SGB/N-sgb75.01;1;10;;0.5;0.9;400;0;2046906.0;;;;;;;;
lop/SGB/N-sgb75.01;10;10;;0.5;0.9;400;0;2111919.0;;;;;;;;
lop/SGB/N-sgb75.01;2;10;;0.5;0.9;400;0;1977873.0;;;;;;;;
lop/SGB/N-sgb75.01;3;10;;0.5;0.9;400;0;2156753.0;;;;;;;;
lop/SGB/N-sgb75.01;4;10;;0.5;0.9;400;0;2090700.0;;;;;;;;
lop/SGB/N-sgb75.01;5;10;;0.5;0.9;400;0;2026204.0;;;;;;;;
lop/SGB/N-sgb75.01;6;10;;0.5;0.9;400;0;1969795.0;;;;;;;;
lop/SGB/N-sgb75.01;7;10;;0.5;0.9;400;0;2073598.0;;;;;;;;
lop/SGB/N-sgb75.01;8;10;;0.5;0.9;400;0;2123798.0;;;;;;;;
lop/SGB/N-sgb75.01;9;10;;0.5;0.9;400;0;2192438.0;;;;;;;;
lop/SGB/N-sgb75.01;1;10;;0.5;0.99;400;0;2000858.0;;;;;;;;
lop/SGB/N-sgb75.01;10;10;;0.5;0.99;400;0;2070328.0;;;;;;;;
lop/SGB/N-sgb75.01;2;10;;0.5;0.99;400;0;2065029.0;;;;;;;;
lop/SGB/N-sgb75.01;3;10;;0.5;0.99;400;0;2111399.0;;;;;;;;
lop/SGB/N-sgb75.01;4;10;;0.5;0.99;400;0;1993946.0;;;;;;;;
lop/SGB/N-sgb75.01;5;10;;0.5;0.99;400;0;2019576.0;;;;;;;;
lop/SGB/N-sgb75.01;6;10;;0.5;0.99;400;0;1925177.0;;;;;;;;
lop/SGB/N-sgb75.01;7;10;;0.5;0.99;400;0;1971270.0;;;;;;;;
lop/SGB/N-sgb75.01;8;10;;0.5;0.99;400;0;1997488.0;;;;;;;;
lop/SGB/N-sgb75.01;9;10;;0.5;0.99;400;0;2056923.0;;;;;;;;
lop/RandB/N-p50-01;1;10;;0.1;0.6;400;0;22662.0;;;;;;;;
lop/RandB/N-p50-01;10;10;;0.1;0.6;400;0;22469.0;;;;;;;;
lop/RandB/N-p50-01;2;10;;0.1;0.6;400;0;21834.0;;;;;;;;
lop/RandB/N-p50-01;3;10;;0.1;0.6;400;0;23257.0;;;;;;;;
lop/RandB/N-p50-01;4;10;;0.1;0.6;400;0;22365.0;;;;;;;;
lop/RandB/N-p50-01;5;10;;0.1;0.6;400;0;23452.0;;;;;;;;
lop/RandB/N-p50-01;6;10;;0.1;0.6;400;0;23733.0;;;;;;;;
lop/RandB/N-p50-01;7;10;;0.1;0.6;400;0;22955.0;;;;;;;;
lop/RandB/N-p50-01;8;10;;0.1;0.6;400;0;23563.0;;;;;;;;
lop/RandB/N-p50-01;9;10;;0.1;0.6;400;0;22628.0;;;;;;;;
lop/RandB/N-p50-01;1;10;;0.1;0.7;400;0;22983.0;;;;;;;;
lop/RandB/N-p50-01;10;10;;0.1;0.7;400;0;21121.0;;;;;;;;
lop/RandB/N-p50-01;2;10;;0.1;0.7;400;0;22170.0;;;;;;;;
lop/RandB/N-p50-01;3;10;;0.1;0.7;400;0;21452.0;;;;;;;;
lop/RandB/N-p50-01;4;10;;0.1;0.7;400;0;23047.0;;;;;;;;
lop/RandB/N-p50-01;5;10;;0.1;0.7;400;0;23285.0;;;;;;;;
lop/RandB/N-p50-01;6;10;;0.1;0.7;400;0;21221.0;;;;;;;;
lop/RandB/N-p50-01;7;10;;0.1;0.7;400;0;21420.0;;;;;;;;
lop/RandB/N-p50-01;8;10;;0.1;0.7;400;0;20779.0;;;;;;;;
lop/RandB/N-p50-01;9;10;;0.1;0.7;400;0;22546.0;;;;;;;;
lop/RandB/N-p50-01;1;10;;0.1;0.8;400;0;21011.0;;;;;;;;
lop/RandB/N-p50-01;10;10;;0.1;0.8;400;0;22475.0;;;;;;;;
lop/RandB/N-p50-01;2;10;;0.1;0.8;400;0;22009.0;;;;;;;;
lop/RandB/N-p50-01;3;10;;0.1;0.8;400;0;22493.0;;;;;;;;
lop/RandB/N-p50-01;4;10;;0.1;0.8;400;0;20929.0;;;;;;;;
lop/RandB/N-p50-01;5;10;;0.1;0.8;400;0;21798.0;;;;;;;;
lop/RandB/N-p50-01;6;10;;0.1;0.8;400;0;22003.0;;;;;;;;
lop/RandB/N-p50-01;7;10;;0.1;0.8;400;0;23606.0;;;;;;;;
lop/RandB/N-p50-01;8;10;;0.1;0.8;400;0;21631.0;;;;;;;;
lop/RandB/N-p50-01;9;10;;0.1;0.8;400;0;21904.0;;;;;;;;
lop/RandB/N-p50-01;1;10;;0.1;0.9;400;0;22216.0;;;;;;;;
lop/RandB/N-p50-01;10;10;;0.1;0.9;400;0;21697.0;;;;;;;;
lop/RandB/N-p50-01;2;10;;0.1;0.9;400;0;21444.0;;;;;;;;
lop/RandB/N-p50-01;3;10;;0.1;0.9;400;0;21549.0;;;;;;;;
lop/RandB/N-p50-01;4;10;;0.1;0.9;400;0;20346.0;;;;;;;;
lop/RandB/N-p50-01;5;10;;0.1;0.9;400;0;21091.0;;;;;;;;
lop/RandB/N-p50-01;6;10;;0.1;0.9;400;0;20751.0;;;;;;;;
lop/RandB/N-p50-01;7;10;;0.1;0.9;400;0;21436.0;;;;;;;;
lop/RandB/N-p50-01;8;10;;0.1;0.9;400;0;21822.0;;;;;;;;
lop/RandB/N-p50-01;9;10;;0.1;0.9;400;0;20713.0;;;;;;;;
lop/RandB/N-p50-01;1;10;;0.1;0.99;400;0;21259.0;;;;;;;;
lop/RandB/N-p50-01;10;10;;0.1;0.99;400;0;20038.0;;;;;;;;
lop/RandB/N-p50-01;2;10;;0.1;0.99;400;0;21173.0;;;;;;;;
lop/RandB/N-p50-01;3;10;;0.1;0.99;400;0;22036.0;;;;;;;;
lop/RandB/N-p50-01;4;10;;0.1;0.99;400;0;21355.0;;;;;;;;
lop/RandB/N-p50-01;5;10;;0.1;0.99;400;0;21287.0;;;;;;;;
lop/RandB/N-p50-01;6;10;;0.1;0.99;400;0;21048.0;;;;;;;;
lop/RandB/N-p50-01;7;10;;0.1;0.99;400;0;22599.0;;;;;;;;
lop/RandB/N-p50-01;8;10;;0.1;0.99;400;0;21692.0;;;;;;;;
lop/RandB/N-p50-01;9;10;;0.1;0.99;400;0;22248.0;;;;;;;;
lop/RandB/N-p50-01;1;10;;0.2;0.6;400;0;24231.0;;;;;;;;
lop/RandB/N-p50-01;10;10;;0.2;0.6;400;0;24034.0;;;;;;;;
lop/RandB/N-p50-01;2;10;;0.2;0.6;400;0;24371.0;;;;;;;;
lop/RandB/N-p50-01;3;10;;0.2;0.6;400;0;24022.0;;;;;;;;
lop/RandB/N-p50-01;4;10;;0.2;0.6;400;0;25559.0;;;;;;;;
lop/RandB/N-p50-01;5;10;;0.2;0.6;400;0;23657.0;;;;;;;;
lop/RandB/N-p50-01;6;10;;0.2;0.6;400;0;25015.0;;;;;;;;
lop/RandB/N-p50-01;7;10;;0.2;0.6;400;0;23513.0;;;;;;;;
lop/RandB/N-p50-01;8;10;;0.2;0.6;400;0;23746.0;;;;;;;;
lop/RandB/N-p50-01;9;10;;0.2;0.6;400;0;24077.0;;;;;;;;
lop/RandB/N-p50-01;1;10;;0.2;0.7;400;0;23567.0;;;;;;;;
lop/RandB/N-p50-01;10;10;;0.2;0.7;400;0;24462.0;;;;;;;;
lop/RandB/N-p50-01;2;10;;0.2;0.7;400;0;23042.0;;;;;;;;
lop/RandB/N-p50-01;3;10;;0.2;0.7;400;0;24393.0;;;;;;;;
lop/RandB/N-p50-01;4;10;;0.2;0.7;400;0;23511.0;;;;;;;;
lop/RandB/N-p50-01;5;10;;0.2;0.7;400;0;24137.0;;;;;;;;
lop/RandB/N-p50-01;6;10;;0.2;0.7;400;0;24904.0;;;;;;;;
lop/RandB/N-p50-01;7;10;;0.2;0.7;400;0;22273.0;;;;;;;;
lop/RandB/N-p50-01;8;10;;0.2;0.7;400;0;23949.0;;;;;;;;
lop/RandB/N-p50-01;9;10;;0.2;0.7;400;0;22674.0;;;;;;;;
lop/RandB/N-p50-01;1;10;;0.2;0.8;400;0;22360.0;;;;;;;;
lop/RandB/N-p50-01;10;10;;0.2;0.8;400;0;22065.0;;;;;;;;
lop/RandB/N-p50-01;2;10;;0.2;0.8;400;0;22246.0;;;;;;;;
lop/RandB/N-p50-01;3;10;;0.2;0.8;400;0;22488.0;;;;;;;;
lop/RandB/N-p50-01;4;10;;0.2;0.8;400;0;22038.0;;;;;;;;
lop/RandB/N-p50-01;5;10;;0.2;0.8;400;0;22889.0;;;;;;;;
lop/RandB/N-p50-01;6;10;;0.2;0.8;400;0;22923.0;;;;;;;;
lop/RandB/N-p50-01;7;10;;0.2;0.8;400;0;21715.0;;;;;;;;
lop/RandB/N-p50-01;8;10;;0.2;0.8;400;0;22928.0;;;;;;;;
lop/RandB/N-p50-01;9;10;;0.2;0.8;400;0;21362.0;;;;;;;;
lop/RandB/N-p50-01;1;10;;0.2;0.9;400;0;22207.0;;;;;;;;
lop/RandB/N-p50-01;10;10;;0.2;0.9;400;0;21053.0;;;;;;;;
lop/RandB/N-p50-01;2;10;;0.2;0.9;400;0;21658.0;;;;;;;;
lop/RandB/N-p50-01;3;10;;0.2;0.9;400;0;21278.0;;;;;;;;
lop/RandB/N-p50-01;4;10;;0.2;0.9;400;0;23500.0;;;;;;;;
lop/RandB/N-p50-01;5;10;;0.2;0.9;400;0;22493.0;;;;;;;;
lop/RandB/N-p50-01;6;10;;0.2;0.9;400;0;21352.0;;;;;;;;
lop/RandB/N-p50-01;7;10;;0.2;0.9;400;0;21568.0;;;;;;;;
lop/RandB/N-p50-01;8;10;;0.2;0.9;400;0;23588.0;;;;;;;;
lop/RandB/N-p50-01;9;10;;0.2;0.9;400;0;21234.0;;;;;;;;
lop/RandB/N-p50-01;1;10;;0.2;0.99;400;0;20287.0;;;;;;;;
lop/RandB/N-p50-01;10;10;;0.2;0.99;400;0;22281.0;;;;;;;;
lop/RandB/N-p50-01;2;10;;0.2;0.99;400;0;21256.0;;;;;;;;
lop/RandB/N-p50-01;3;10;;0.2;0.99;400;0;21247.0;;;;;;;;
lop/RandB/N-p50-01;4;10;;0.2;0.99;400;0;21893.0;;;;;;;;
lop/RandB/N-p50-01;5;10;;0.2;0.99;400;0;20767.0;;;;;;;;
lop/RandB/N-p50-01;6;10;;0.2;0.99;400;0;21933.0;;;;;;;;
lop/RandB/N-p50-01;7;10;;0.2;0.99;400;0;21518.0;;;;;;;;
lop/RandB/N-p50-01;8;10;;0.2;0.99;400;0;20578.0;;;;;;;;
lop/RandB/N-p50-01;9;10;;0.2;0.99;400;0;21206.0;;;;;;;;
lop/RandB/N-p50-01;1;10;;0.3;0.6;400;0;25541.0;;;;;;;;
lop/RandB/N-p50-01;10;10;;0.3;0.6;400;0;24053.0;;;;;;;;
lop/RandB/N-p50-01;2;10;;0.3;0.6;400;0;25193.0;;;;;;;;
lop/RandB/N-p50-01;3;10;;0.3;0.6;400;0;25677.0;;;;;;;;
lop/RandB/N-p50-01;4;10;;0.3;0.6;400;0;26746.0;;;;;;;;
lop/RandB/N-p50-01;5;10;;0.3;0.6;400;0;26767.0;;;;;;;;
lop/RandB/N-p50-01;6;10;;0.3;0.6;400;0;26148.0;;;;;;;;
lop/RandB/N-p50-01;7;10;;0.3;0.6;400;0;25207.0;;;;;;;;
lop/RandB/N-p50-01;8;10;;0.3;0.6;400;0;26137.0;;;;;;;;
lop/RandB/N-p50-01;9;10;;0.3;0.6;400;0;24994.0;;;;;;;;
lop/RandB/N-p50-01;1;10;;0.3;0.7;400;0;24457.0;;;;;;;;
lop/RandB/N-p50-01;10;10;;0.3;0.7;400;0;24827.0;;;;;;;;
lop/RandB/N-p50-01;2;10;;0.3;0.7;400;0;24963.0;;;;;;;;
lop/RandB/N-p50-01;3;10;;0.3;0.7;400;0;25550.0;;;;;;;;
lop/RandB/N-p50-01;4;10;;0.3;0.7;400;0;24524.0;;;;;;;;
lop/RandB/N-p50-01;5;10;;0.3;0.7;400;0;24249.0;;;;;;;;
lop/RandB/N-p50-01;6;10;;0.3;0.7;400;0;24486.0;;;;;;;;
lop/RandB/N-p50-01;7;10;;0.3;0.7;400;0;24747.0;;;;;;;;
lop/RandB/N-p50-01;8;10;;0.3;0.7;400;0;24828.0;;;;;;;;
lop/RandB/N-p50-01;9;10;;0.3;0.7;400;0;24260.0;;;;;;;;
lop/RandB/N-p50-01;1;10;;0.3;0.8;400;0;23484.0;;;;;;;;
lop/RandB/N-p50-01;10;10;;0.3;0.8;400;0;23890.0;;;;;;;;
lop/RandB/N-p50-01;2;10;;0.3;0.8;400;0;21725.0;;;;;;;;
lop/RandB/N-p50-01;3;10;;0.3;0.8;400;0;24248.0;;;;;;;;
lop/RandB/N-p50-01;4;10;;0.3;0.8;400;0;23708.0;;;;;;;;
lop/RandB/N-p50-01;5;10;;0.3;0.8;400;0;24649.0;;;;;;;;
lop/RandB/N-p50-01;6;10;;0.3;0.8;400;0;23380.0;;;;;;;;
lop/RandB/N-p50-01;7;10;;0.3;0.8;400;0;23921.0;;;;;;;;
lop/RandB/N-p50-01;8;10;;0.3;0.8;400;0;22460.0;;;;;;;;
lop/RandB/N-p50-01;9;10;;0.3;0.8;400;0;23630.0;;;;;;;;
lop/RandB/N-p50-01;1;10;;0.3;0.9;400;0;22241.0;;;;;;;;
lop/RandB/N-p50-01;10;10;;0.3;0.9;400;0;21628.0;;;;;;;;
lop/RandB/N-p50-01;2;10;;0.3;0.9;400;0;22670.0;;;;;;;;
lop/RandB/N-p50-01;3;10;;0.3;0.9;400;0;24783.0;;;;;;;;
lop/RandB/N-p50-01;4;10;;0.3;0.9;400;0;22701.0;;;;;;;;
lop/RandB/N-p50-01;5;10;;0.3;0.9;400;0;21594.0;;;;;;;;
lop/RandB/N-p50-01;6;10;;0.3;0.9;400;0;22539.0;;;;;;;;
lop/RandB/N-p50-01;7;10;;0.3;0.9;400;0;22619.0;;;;;;;;
lop/RandB/N-p50-01;8;10;;0.3;0.9;400;0;22367.0;;;;;;;;
lop/RandB/N-p50-01;9;10;;0.3;0.9;400;0;22478.0;;;;;;;;
lop/RandB/N-p50-01;1;10;;0.3;0.99;400;0;21088.0;;;;;;;;
lop/RandB/N-p50-01;10;10;;0.3;0.99;400;0;19897.0;;;;;;;;
lop/RandB/N-p50-01;2;10;;0.3;0.99;400;0;20942.0;;;;;;;;
lop/RandB/N-p50-01;3;10;;0.3;0.99;400;0;22813.0;;;;;;;;
lop/RandB/N-p50-01;4;10;;0.3;0.99;400;0;21000.0;;;;;;;;
lop/RandB/N-p50-01;5;10;;0.3;0.99;400;0;21568.0;;;;;;;;
lop/RandB/N-p50-01;6;10;;0.3;0.99;400;0;21020.0;;;;;;;;
lop/RandB/N-p50-01;7;10;;0.3;0.99;400;0;22448.0;;;;;;;;
lop/RandB/N-p50-01;8;10;;0.3;0.99;400;0;22029.0;;;;;;;;
lop/RandB/N-p50-01;9;10;;0.3;0.99;400;0;21661.0;;;;;;;;
lop/RandB/N-p50-01;1;10;;0.4;0.6;400;0;26000.0;;;;;;;;
lop/RandB/N-p50-01;10;10;;0.4;0.6;400;0;25601.0;;;;;;;;
lop/RandB/N-p50-01;2;10;;0.4;0.6;400;0;26604.0;;;;;;;;
lop/RandB/N-p50-01;3;10;;0.4;0.6;400;0;27199.0;;;;;;;;
lop/RandB/N-p50-01;4;10;;0.4;0.6;400;0;27230.0;;;;;;;;
lop/RandB/N-p50-01;5;10;;0.4;0.6;400;0;27037.0;;;;;;;;
lop/RandB/N-p50-01;6;10;;0.4;0.6;400;0;26715.0;;;;;;;;
lop/RandB/N-p50-01;7;10;;0.4;0.6;400;0;26278.0;;;;;;;;
lop/RandB/N-p50-01;8;10;;0.4;0.6;400;0;27182.0;;;;;;;;
lop/RandB/N-p50-01;9;10;;0.4;0.6;400;0;26774.0;;;;;;;;
lop/RandB/N-p50-01;1;10;;0.4;0.7;400;0;24584.0;;;;;;;;
lop/RandB/N-p50-01;10;10;;0.4;0.7;400;0;25660.0;;;;;;;;
lop/RandB/N-p50-01;2;10;;0.4;0.7;400;0;25673.0;;;;;;;;
lop/RandB/N-p50-01;3;10;;0.4;0.7;400;0;26277.0;;;;;;;;
lop/RandB/N-p50-01;4;10;;0.4;0.7;400;0;26000.0;;;;;;;;
lop/RandB/N-p50-01;5;10;;0.4;0.7;400;0;25753.0;;;;;;;;
lop/RandB/N-p50-01;6;10;;0.4;0.7;400;0;25247.0;;;;;;;;
lop/RandB/N-p50-01;7;10;;0.4;0.7;400;0;24420.0;;;;;;;;
lop/RandB/N-p50-01;8;10;;0.4;0.7;400;0;25646.0;;;;;;;;
lop/RandB/N-p50-01;9;10;;0.4;0.7;400;0;26049.0;;;;;;;;
lop/RandB/N-p50-01;1;10;;0.4;0.8;400;0;24582.0;;;;;;;;
lop/RandB/N-p50-01;10;10;;0.4;0.8;400;0;23330.0;;;;;;;;
lop/RandB/N-p50-01;2;10;;0.4;0.8;400;0;25165.0;;;;;;;;
lop/RandB/N-p50-01;3;10;;0.4;0.8;400;0;24353.0;;;;;;;;
lop/RandB/N-p50-01;4;10;;0.4;0.8;400;0;24103.0;;;;;;;;
lop/RandB/N-p50-01;5;10;;0.4;0.8;400;0;24605.0;;;;;;;;
lop/RandB/N-p50-01;6;10;;0.4;0.8;400;0;24115.0;;;;;;;;
lop/RandB/N-p50-01;7;10;;0.4;0.8;400;0;25206.0;;;;;;;;
lop/RandB/N-p50-01;8;10;;0.4;0.8;400;0;25033.0;;;;;;;;
lop/RandB/N-p50-01;9;10;;0.4;0.8;400;0;24880.0;;;;;;;;
lop/RandB/N-p50-01;1;10;;0.4;0.9;400;0;23056.0;;;;;;;;
lop/RandB/N-p50-01;10;10;;0.4;0.9;400;0;23845.0;;;;;;;;
lop/RandB/N-p50-01;2;10;;0.4;0.9;400;0;22437.0;;;;;;;;
lop/RandB/N-p50-01;3;10;;0.4;0.9;400;0;24033.0;;;;;;;;
lop/RandB/N-p50-01;4;10;;0.4;0.9;400;0;23335.0;;;;;;;;
lop/RandB/N-p50-01;5;10;;0.4;0.9;400;0;23972.0;;;;;;;;
lop/RandB/N-p50-01;6;10;;0.4;0.9;400;0;23468.0;;;;;;;;
lop/RandB/N-p50-01;7;10;;0.4;0.9;400;0;22960.0;;;;;;;;
lop/RandB/N-p50-01;8;10;;0.4;0.9;400;0;23384.0;;;;;;;;
lop/RandB/N-p50-01;9;10;;0.4;0.9;400;0;23769.0;;;;;;;;
lop/RandB/N-p50-01;1;10;;0.4;0.99;400;0;21131.0;;;;;;;;
lop/RandB/N-p50-01;10;10;;0.4;0.99;400;0;20919.0;;;;;;;;
lop/RandB/N-p50-01;2;10;;0.4;0.99;400;0;21105.0;;;;;;;;
lop/RandB/N-p50-01;3;10;;0.4;0.99;400;0;21322.0;;;;;;;;
lop/RandB/N-p50-01;4;10;;0.4;0.99;400;0;21722.0;;;;;;;;
lop/RandB/N-p50-01;5;10;;0.4;0.99;400;0;22753.0;;;;;;;;
lop/RandB/N-p50-01;6;10;;0.4;0.99;400;0;21248.0;;;;;;;;
lop/RandB/N-p50-01;7;10;;0.4;0.99;400;0;21325.0;;;;;;;;
lop/RandB/N-p50-01;8;10;;0.4;0.99;400;0;22614.0;;;;;;;;
lop/RandB/N-p50-01;9;10;;0.4;0.99;400;0;22316.0;;;;;;;;
lop/RandB/N-p50-01;1;10;;0.5;0.6;400;0;26853.0;;;;;;;;
lop/RandB/N-p50-01;10;10;;0.5;0.6;400;0;26419.0;;;;;;;;
lop/RandB/N-p50-01;2;10;;0.5;0.6;400;0;26812.0;;;;;;;;
lop/RandB/N-p50-01;3;10;;0.5;0.6;400;0;28224.0;;;;;;;;
lop/RandB/N-p50-01;4;10;;0.5;0.6;400;0;28596.0;;;;;;;;
lop/RandB/N-p50-01;5;10;;0.5;0.6;400;0;28622.0;;;;;;;;
lop/RandB/N-p50-01;6;10;;0.5;0.6;400;0;28260.0;;;;;;;;
lop/RandB/N-p50-01;7;10;;0.5;0.6;400;0;26646.0;;;;;;;;
lop/RandB/N-p50-01;8;10;;0.5;0.6;400;0;27568.0;;;;;;;;
lop/RandB/N-p50-01;9;10;;0.5;0.6;400;0;27402.0;;;;;;;;
lop/RandB/N-p50-01;1;10;;0.5;0.7;400;0;25822.0;;;;;;;;
lop/RandB/N-p50-01;10;10;;0.5;0.7;400;0;25736.0;;;;;;;;
lop/RandB/N-p50-01;2;10;;0.5;0.7;400;0;26597.0;;;;;;;;
lop/RandB/N-p50-01;3;10;;0.5;0.7;400;0;26101.0;;;;;;;;
lop/RandB/N-p50-01;4;10;;0.5;0.7;400;0;26750.0;;;;;;;;
lop/RandB/N-p50-01;5;10;;0.5;0.7;400;0;27131.0;;;;;;;;
lop/RandB/N-p50-01;6;10;;0.5;0.7;400;0;26701.0;;;;;;;;
lop/RandB/N-p50-01;7;10;;0.5;0.7;400;0;26861.0;;;;;;;;
lop/RandB/N-p50-01;8;10;;0.5;0.7;400;0;26245.0;;;;;;;;
lop/RandB/N-p50-01;9;10;;0.5;0.7;400;0;25993.0;;;;;;;;
lop/RandB/N-p50-01;1;10;;0.5;0.8;400;0;25415.0;;;;;;;;
lop/RandB/N-p50-01;10;10;;0.5;0.8;400;0;24148.0;;;;;;;;
lop/RandB/N-p50-01;2;10;;0.5;0.8;400;0;25568.0;;;;;;;;
lop/RandB/N-p50-01;3;10;;0.5;0.8;400;0;26939.0;;;;;;;;
lop/RandB/N-p50-01;4;10;;0.5;0.8;400;0;25966.0;;;;;;;;
lop/RandB/N-p50-01;5;10;;0.5;0.8;400;0;26281.0;;;;;;;;
lop/RandB/N-p50-01;6;10;;0.5;0.8;400;0;25797.0;;;;;;;;
lop/RandB/N-p50-01;7;10;;0.5;0.8;400;0;24101.0;;;;;;;;
lop/RandB/N-p50-01;8;10;;0.5;0.8;400;0;23932.0;;;;;;;;
lop/RandB/N-p50-01;9;10;;0.5;0.8;400;0;26476.0;;;;;;;;
lop/RandB/N-p50-01;1;10;;0.5;0.9;400;0;23030.0;;;;;;;;
lop/RandB/N-p50-01;10;10;;0.5;0.9;400;0;22099.0;;;;;;;;
lop/RandB/N-p50-01;2;10;;0.5;0.9;400;0;23062.0;;;;;;;;
lop/RandB/N-p50-01;3;10;;0.5;0.9;400;0;23102.0;;;;;;;;
lop/RandB/N-p50-01;4;10;;0.5;0.9;400;0;24915.0;;;;;;;;
lop/RandB/N-p50-01;5;10;;0.5;0.9;400;0;24223.0;;;;;;;;
lop/RandB/N-p50-01;6;10;;0.5;0.9;400;0;25541.0;;;;;;;;
lop/RandB/N-p50-01;7;10;;0.5;0.9;400;0;23614.0;;;;;;;;
lop/RandB/N-p50-01;8;10;;0.5;0.9;400;0;24319.0;;;;;;;;
lop/RandB/N-p50-01;9;10;;0.5;0.9;400;0;23428.0;;;;;;;;
lop/RandB/N-p50-01;1;10;;0.5;0.99;400;0;21841.0;;;;;;;;
lop/RandB/N-p50-01;10;10;;0.5;0.99;400;0;21124.0;;;;;;;;
lop/RandB/N-p50-01;2;10;;0.5;0.99;400;0;22133.0;;;;;;;;
lop/RandB/N-p50-01;3;10;;0.5;0.99;400;0;24178.0;;;;;;;;
lop/RandB/N-p50-01;4;10;;0.5;0.99;400;0;22072.0;;;;;;;;
lop/RandB/N-p50-01;5;10;;0.5;0.99;400;0;22131.0;;;;;;;;
lop/RandB/N-p50-01;6;10;;0.5;0.99;400;0;22570.0;;;;;;;;
lop/RandB/N-p50-01;7;10;;0.5;0.99;400;0;21732.0;;;;;;;;
lop/RandB/N-p50-01;8;10;;0.5;0.99;400;0;21999.0;;;;;;;;
lop/RandB/N-p50-01;9;10;;0.5;0.99;400;0;22386.0;;;;;;;;